minute_ts,instrument_key,strike,side,atp,ltp,spot_price,futures_price,rsi,roc,v_slope,combined_vwap
2026-05-14T09:44:00+05:30,NSE_FO|51313,,,48.23,52.75,23510.5,,52.1,1.37,0,0
2026-05-14T09:44:00+05:30,NSE_FO|51378,,,72.27,63.45,23510.5,,52.1,1.37,0,0
2026-05-14T09:44:00+05:30,NSE_FO|51325,,,97.91,107.3,23510.5,,52.1,1.37,0,0
2026-05-14T09:44:00+05:30,NSE_FO|51364,,,159.92,143.1,23510.5,,52.1,1.37,0,0
2026-05-14T09:44:00+05:30,NSE_FO|51366,,,137.15,123.0,23510.5,,52.1,1.37,0,0
2026-05-14T09:44:00+05:30,NSE_FO|51315,,,55.46,60.9,23510.5,,52.1,1.37,0,0
2026-05-14T09:44:00+05:30,NSE_FO|51323,,,85.86,93.5,23510.5,,52.1,1.37,0,0
2026-05-14T09:44:00+05:30,NSE_FO|51310,,,610.04,578.45,23510.5,,52.1,1.37,0,0
2026-05-14T09:44:00+05:30,NSE_FO|51371,,,300.34,320.15,23510.5,,52.1,1.37,0,0
2026-05-14T09:44:00+05:30,NSE_FO|51381,,,438.8,467.7,23518.55,,52.1,1.37,0,0
2026-05-14T09:44:00+05:30,NSE_FO|51312,,,572.53,536.45,23518.55,,52.1,1.37,0,0
2026-05-14T09:44:00+05:30,NSE_FO|51356,,,207.84,189.95,23518.55,,52.1,1.37,0,0
2026-05-14T09:44:00+05:30,NSE_FO|51359,,,211.43,230.3,23518.55,,52.1,1.37,0,0
2026-05-14T09:44:00+05:30,NSE_FO|51367,,,266.52,288.0,23518.55,,52.1,1.37,0,0
2026-05-14T09:44:00+05:30,NSE_FO|51346,,,330.57,306.7,23518.55,,52.1,1.37,0,0
2026-05-14T09:44:00+05:30,NSE_FO|51348,,,297.8,275.2,23518.55,,52.1,1.37,0,0
2026-05-14T09:44:00+05:30,NSE_FO|51379,,,401.09,427.9,23518.55,,52.1,1.37,0,0
2026-05-14T09:44:00+05:30,NSE_FO|51365,,,238.59,258.6,23518.55,,52.1,1.37,0,0
2026-05-14T09:44:00+05:30,NSE_FO|51355,,,167.22,180.95,23518.55,,52.1,1.37,0,0
2026-05-14T09:44:00+05:30,NSE_FO|51354,,,236.08,216.45,23518.55,,52.1,1.37,0,0
2026-05-14T09:44:00+05:30,NSE_FO|51383,,,476.68,509.5,23518.55,,52.1,1.37,0,0
2026-05-14T09:44:00+05:30,NSE_FO|51321,,,74.32,81.0,23518.55,,52.1,1.37,0,0
2026-05-14T09:44:00+05:30,NSE_FO|51382,,,51.26,44.35,23518.55,,52.1,1.37,0,0
2026-05-14T09:44:00+05:30,NSE_FO|51376,,,86.63,75.9,23518.55,,52.1,1.37,0,0
2026-05-14T09:44:00+05:30,NSE_FO|51311,,,41.85,45.3,23518.55,,52.1,1.37,0,0
2026-05-14T09:44:00+05:30,NSE_FO|51353,,,146.9,160.0,23518.55,,52.1,1.37,0,0
2026-05-14T09:44:00+05:30,NSE_FO|51322,,,403.97,377.95,23518.55,,52.1,1.37,0,0
2026-05-14T09:44:00+05:30,NSE_FO|51352,,,264.73,243.75,23518.55,,52.1,1.37,0,0
2026-05-14T09:44:00+05:30,NSE_FO|51377,,,365.66,387.15,23518.55,,52.1,1.37,0,0
2026-05-14T09:44:00+05:30,NSE_FO|51317,,,64.65,70.55,23518.55,,52.1,1.37,0,0
2026-05-14T09:44:00+05:30,NSE_FO|51357,,,188.94,204.75,23518.55,,52.1,1.37,0,0
2026-05-14T09:44:00+05:30,NSE_FO|51324,,,367.39,341.85,23518.55,,52.1,1.37,0,0
2026-05-14T09:44:00+05:30,NSE_FO|51380,,,61.25,53.35,23518.55,,52.1,1.37,0,0
2026-05-14T09:44:00+05:30,NSE_FO|51375,,,328.47,354.25,23518.55,,52.1,1.37,0,0
2026-05-14T09:44:00+05:30,NSE_FO|51358,,,183.87,165.3,23518.55,,52.1,1.37,0,0
2026-05-14T09:44:00+05:30,NSE_FO|51370,,,118.5,105.15,23518.55,,52.1,1.37,0,0
2026-05-14T09:44:00+05:30,NSE_FO|51316,,,485.59,458.45,23518.55,,52.1,1.37,0,0
2026-05-14T09:44:00+05:30,NSE_FO|51320,,,443.46,414.95,23518.55,,52.1,1.37,0,0
2026-05-14T09:44:00+05:30,NSE_FO|51347,,,112.06,123.2,23518.55,,52.1,1.37,0,0
2026-05-14T09:44:00+05:30,NSE_FO|51349,,,128.48,140.9,23518.55,,52.1,1.37,0,0
2026-05-14T09:44:00+05:30,NSE_FO|51374,,,100.73,89.55,23518.55,,52.1,1.37,0,0
2026-05-14T09:48:00+05:30,NSE_FO|51374,,,99.23,88.8,23516.45,,15.3,-15.44,0,446.99
2026-05-14T09:48:00+05:30,NSE_FO|51364,,,158.49,142.5,23516.45,,15.3,-15.44,0,446.99
2026-05-14T09:48:00+05:30,NSE_FO|51315,,,56.41,61.35,23516.45,,15.3,-15.44,0,446.99
2026-05-14T09:48:00+05:30,NSE_FO|51323,,,87.82,94.4,23516.45,,15.3,-15.44,0,446.99
2026-05-14T09:48:00+05:30,NSE_FO|51359,,,214.09,231.8,23516.45,,15.3,-15.44,0,446.99
2026-05-14T09:48:00+05:30,NSE_FO|51348,,,294.48,273.25,23516.45,,15.3,-15.44,0,446.99
2026-05-14T09:48:00+05:30,NSE_FO|51355,,,170.67,182.45,23516.45,,15.3,-15.44,0,446.99
2026-05-14T09:48:00+05:30,NSE_FO|51354,,,232.85,215.0,23516.45,,15.3,-15.44,0,446.99
2026-05-14T09:48:00+05:30,NSE_FO|51382,,,50.58,44.15,23516.45,,15.3,-15.44,0,446.99
2026-05-14T09:48:00+05:30,NSE_FO|51376,,,85.58,75.15,23516.45,,15.3,-15.44,0,446.99
2026-05-14T09:48:00+05:30,NSE_FO|51352,,,261.53,242.85,23516.45,,15.3,-15.44,0,446.99
2026-05-14T09:48:00+05:30,NSE_FO|51375,,,332.49,356.4,23516.45,,15.3,-15.44,0,446.99
2026-05-14T09:48:00+05:30,NSE_FO|51358,,,181.88,164.15,23516.45,,15.3,-15.44,0,446.99
2026-05-14T09:48:00+05:30,NSE_FO|51370,,,117.0,104.2,23516.45,,15.3,-15.44,0,446.99
2026-05-14T09:48:00+05:30,NSE_FO|51349,,,130.93,141.3,23516.45,,15.3,-15.44,0,446.99
2026-05-14T09:48:00+05:30,NSE_FO|51366,,,135.58,122.2,23516.45,,15.3,-15.44,0,446.99
2026-05-14T09:48:00+05:30,NSE_FO|51357,,,191.77,205.85,23517.4,,15.3,-15.44,0,446.99
2026-05-14T09:48:00+05:30,NSE_FO|51356,,,205.25,188.4,23517.4,,15.3,-15.44,0,446.99
2026-05-14T09:48:00+05:30,NSE_FO|51367,,,270.12,288.55,23517.4,,15.3,-15.44,0,446.99
2026-05-14T09:48:00+05:30,NSE_FO|51383,,,482.62,510.0,23517.4,,15.3,-15.44,0,446.99
2026-05-14T09:48:00+05:30,NSE_FO|51321,,,75.72,81.8,23517.4,,15.3,-15.44,0,446.99
2026-05-14T09:48:00+05:30,NSE_FO|51347,,,114.5,123.9,23517.4,,15.3,-15.44,0,446.99
2026-05-14T09:48:00+05:30,NSE_FO|51313,,,49.13,52.75,23517.4,,15.3,-15.44,0,446.99
2026-05-14T09:48:00+05:30,NSE_FO|51378,,,71.51,63.1,23517.4,,15.3,-15.44,0,446.99
2026-05-14T09:48:00+05:30,NSE_FO|51379,,,405.28,430.2,23517.4,,15.3,-15.44,0,446.99
2026-05-14T09:48:00+05:30,NSE_FO|51353,,,150.27,159.7,23517.4,,15.3,-15.44,0,446.99
2026-05-14T09:48:00+05:30,NSE_FO|51380,,,60.4,53.1,23516.9,,15.3,-15.44,0,446.99
2026-05-14T09:48:00+05:30,NSE_FO|51346,,,327.22,306.25,23517.35,,15.3,-15.44,0,446.99
2026-05-14T09:48:00+05:30,NSE_FO|51371,,,303.0,320.7,23517.35,,15.3,-15.44,0,446.99
2026-05-14T09:48:00+05:30,NSE_FO|51311,,,42.52,44.9,23517.35,,15.3,-15.44,0,446.99
2026-05-14T09:48:00+05:30,NSE_FO|51317,,,65.88,70.0,23517.35,,15.3,-15.44,0,446.99
2026-05-14T09:48:00+05:30,NSE_FO|51377,,,367.65,388.75,23517.3,,15.3,-15.44,0,446.99
2026-05-14T09:48:00+05:30,NSE_FO|51325,,,99.71,106.55,23517.3,,15.3,-15.44,0,446.99
2026-05-14T09:48:00+05:30,NSE_FO|51365,,,241.55,257.1,23517.3,,15.3,-15.44,0,446.99
2026-05-14T09:48:00+05:30,NSE_FO|51320,,,438.5,415.45,23517.3,,15.3,-15.44,0,446.99
2026-05-14T09:48:00+05:30,NSE_FO|51324,,,363.75,341.25,23518.0,,15.3,-15.44,0,446.99
2026-05-14T09:48:00+05:30,NSE_FO|51316,,,477.92,455.05,23518.0,,15.3,-15.44,0,446.99
2026-05-14T09:48:00+05:30,NSE_FO|51314,,,515.85,494.7,23518.0,,15.3,-15.44,0,446.99
2026-05-14T09:48:00+05:30,NSE_FO|51310,,,606.23,577.75,23516.45,,15.3,-15.44,0,446.99
2026-05-14T09:48:00+05:30,NSE_FO|51381,,,442.45,470.0,23516.75,,15.3,-15.44,0,446.99
2026-05-14T09:48:00+05:30,NSE_FO|51322,,,401.66,376.05,23515.5,,15.3,-15.44,0,446.99
2026-05-14T09:48:00+05:30,NSE_FO|51312,,,560.11,523.95,23502.0,,14.1,-14.13,0,475.53
2026-05-14T09:49:00+05:30,NSE_FO|51382,,,50.37,41.35,23497.05,,14.1,-14.13,0,475.53
2026-05-14T09:49:00+05:30,NSE_FO|51325,,,100.08,115.75,23497.05,,14.1,-14.13,0,475.53
2026-05-14T09:49:00+05:30,NSE_FO|51352,,,260.44,231.3,23497.05,,14.1,-14.13,0,475.53
2026-05-14T09:49:00+05:30,NSE_FO|51364,,,158.07,134.05,23497.05,,14.1,-14.13,0,475.53
2026-05-14T09:49:00+05:30,NSE_FO|51315,,,56.68,65.9,23497.05,,14.1,-14.13,0,475.53
2026-05-14T09:49:00+05:30,NSE_FO|51323,,,88.18,101.1,23497.05,,14.1,-14.13,0,475.53
2026-05-14T09:49:00+05:30,NSE_FO|51353,,,150.95,170.9,23497.05,,14.1,-14.13,0,475.53
2026-05-14T09:49:00+05:30,NSE_FO|51380,,,60.14,49.5,23497.05,,14.1,-14.13,0,475.53
2026-05-14T09:49:00+05:30,NSE_FO|51348,,,293.63,260.6,23497.05,,14.1,-14.13,0,475.53
2026-05-14T09:49:00+05:30,NSE_FO|51349,,,131.45,150.6,23497.05,,14.1,-14.13,0,475.53
2026-05-14T09:49:00+05:30,NSE_FO|51374,,,98.76,83.15,23497.05,,14.1,-14.13,0,475.53
2026-05-14T09:49:00+05:30,NSE_FO|51311,,,42.65,49.5,23497.05,,14.1,-14.13,0,475.53
2026-05-14T09:49:00+05:30,NSE_FO|51378,,,71.24,58.8,23497.05,,14.1,-14.13,0,475.53
2026-05-14T09:49:00+05:30,NSE_FO|51322,,,401.11,359.05,23497.05,,14.1,-14.13,0,475.53
2026-05-14T09:49:00+05:30,NSE_FO|51366,,,135.01,114.45,23497.05,,14.1,-14.13,0,475.53
2026-05-14T09:49:00+05:30,NSE_FO|51357,,,192.53,219.0,23498.25,,14.1,-14.13,0,475.53
2026-05-14T09:49:00+05:30,NSE_FO|51359,,,214.71,244.75,23498.25,,14.1,-14.13,0,475.53
2026-05-14T09:49:00+05:30,NSE_FO|51356,,,204.55,177.5,23498.25,,14.1,-14.13,0,475.53
2026-05-14T09:49:00+05:30,NSE_FO|51358,,,181.35,155.1,23498.25,,14.1,-14.13,0,475.53
2026-05-14T09:49:00+05:30,NSE_FO|51367,,,270.96,305.0,23498.25,,14.1,-14.13,0,475.53
2026-05-14T09:49:00+05:30,NSE_FO|51320,,,437.38,397.0,23498.25,,14.1,-14.13,0,475.53
2026-05-14T09:49:00+05:30,NSE_FO|51354,,,232.06,203.5,23498.25,,14.1,-14.13,0,475.53
2026-05-14T09:49:00+05:30,NSE_FO|51321,,,75.98,88.35,23498.25,,14.1,-14.13,0,475.53
2026-05-14T09:49:00+05:30,NSE_FO|51347,,,115.11,132.8,23498.25,,14.1,-14.13,0,475.53
2026-05-14T09:49:00+05:30,NSE_FO|51355,,,171.43,193.25,23498.25,,14.1,-14.13,0,475.53
2026-05-14T09:49:00+05:30,NSE_FO|51371,,,303.75,338.15,23496.7,,14.1,-14.13,0,475.53
2026-05-14T09:49:00+05:30,NSE_FO|51316,,,476.79,435.0,23496.7,,14.1,-14.13,0,475.53
2026-05-14T09:49:00+05:30,NSE_FO|51314,,,515.59,475.0,23496.7,,14.1,-14.13,0,475.53
2026-05-14T09:49:00+05:30,NSE_FO|51365,,,242.07,274.7,23496.7,,14.1,-14.13,0,475.53
2026-05-14T09:49:00+05:30,NSE_FO|51324,,,362.76,324.9,23496.7,,14.1,-14.13,0,475.53
2026-05-14T09:49:00+05:30,NSE_FO|51383,,,483.18,529.75,23496.15,,14.1,-14.13,0,475.53
2026-05-14T09:49:00+05:30,NSE_FO|51346,,,326.53,291.8,23496.15,,14.1,-14.13,0,475.53
2026-05-14T09:49:00+05:30,NSE_FO|51370,,,116.47,97.55,23496.15,,14.1,-14.13,0,475.53
2026-05-14T09:49:00+05:30,NSE_FO|51313,,,49.28,57.35,23496.15,,14.1,-14.13,0,475.53
2026-05-14T09:49:00+05:30,NSE_FO|51317,,,66.07,76.7,23496.15,,14.1,-14.13,0,475.53
2026-05-14T09:49:00+05:30,NSE_FO|51376,,,85.26,70.05,23495.5,,14.1,-14.13,0,475.53
2026-05-14T09:49:00+05:30,NSE_FO|51375,,,333.33,373.45,23495.5,,14.1,-14.13,0,475.53
2026-05-14T09:49:00+05:30,NSE_FO|51379,,,405.79,449.0,23495.5,,14.1,-14.13,0,475.53
2026-05-14T09:49:00+05:30,NSE_FO|51310,,,605.3,556.0,23494.4,,14.1,-14.13,0,475.53
2026-05-14T09:49:00+05:30,NSE_FO|51377,,,368.43,410.8,23495.75,,14.1,-14.13,0,475.53
2026-05-14T09:49:00+05:30,NSE_FO|51381,,,442.84,489.8,23494.45,,14.1,-14.13,0,475.53
2026-05-14T09:50:00+05:30,NSE_FO|51325,,,100.82,115.6,23492.65,,14.1,-14.13,-1.01,475.23
2026-05-14T09:50:00+05:30,NSE_FO|51315,,,57.11,65.9,23492.65,,14.1,-14.13,-1.01,475.23
2026-05-14T09:50:00+05:30,NSE_FO|51323,,,88.9,100.8,23492.65,,14.1,-14.13,-1.01,475.23
2026-05-14T09:50:00+05:30,NSE_FO|51371,,,304.66,336.2,23492.65,,14.1,-14.13,-1.01,475.23
2026-05-14T09:50:00+05:30,NSE_FO|51359,,,215.54,244.5,23492.65,,14.1,-14.13,-1.01,475.23
2026-05-14T09:50:00+05:30,NSE_FO|51356,,,204.0,180.6,23492.65,,14.1,-14.13,-1.01,475.23
2026-05-14T09:50:00+05:30,NSE_FO|51348,,,292.77,262.65,23492.65,,14.1,-14.13,-1.01,475.23
2026-05-14T09:50:00+05:30,NSE_FO|51365,,,243.07,272.65,23492.65,,14.1,-14.13,-1.01,475.23
2026-05-14T09:50:00+05:30,NSE_FO|51355,,,172.71,193.5,23492.65,,14.1,-14.13,-1.01,475.23
2026-05-14T09:50:00+05:30,NSE_FO|51354,,,231.42,205.65,23492.65,,14.1,-14.13,-1.01,475.23
2026-05-14T09:50:00+05:30,NSE_FO|51321,,,76.59,87.9,23492.65,,14.1,-14.13,-1.01,475.23
2026-05-14T09:50:00+05:30,NSE_FO|51382,,,50.17,42.15,23492.65,,14.1,-14.13,-1.01,475.23
2026-05-14T09:50:00+05:30,NSE_FO|51376,,,84.92,71.45,23492.65,,14.1,-14.13,-1.01,475.23
2026-05-14T09:50:00+05:30,NSE_FO|51311,,,42.96,49.1,23492.65,,14.1,-14.13,-1.01,475.23
2026-05-14T09:50:00+05:30,NSE_FO|51353,,,152.43,171.05,23492.65,,14.1,-14.13,-1.01,475.23
2026-05-14T09:50:00+05:30,NSE_FO|51317,,,66.69,76.1,23492.65,,14.1,-14.13,-1.01,475.23
2026-05-14T09:50:00+05:30,NSE_FO|51324,,,361.98,328.25,23492.65,,14.1,-14.13,-1.01,475.23
2026-05-14T09:50:00+05:30,NSE_FO|51375,,,334.57,370.25,23492.65,,14.1,-14.13,-1.01,475.23
2026-05-14T09:50:00+05:30,NSE_FO|51358,,,180.94,156.85,23492.65,,14.1,-14.13,-1.01,475.23
2026-05-14T09:50:00+05:30,NSE_FO|51370,,,115.95,99.65,23492.65,,14.1,-14.13,-1.01,475.23
2026-05-14T09:50:00+05:30,NSE_FO|51374,,,98.37,84.5,23492.65,,14.1,-14.13,-1.01,475.23
2026-05-14T09:50:00+05:30,NSE_FO|51313,,,49.68,56.95,23494.05,,14.1,-14.13,-1.01,475.23
2026-05-14T09:50:00+05:30,NSE_FO|51380,,,59.96,50.3,23494.05,,14.1,-14.13,-1.01,475.23
2026-05-14T09:50:00+05:30,NSE_FO|51378,,,70.97,59.85,23494.05,,14.1,-14.13,-1.01,475.23
2026-05-14T09:50:00+05:30,NSE_FO|51357,,,193.42,216.9,23493.05,,14.1,-14.13,-1.01,475.23
2026-05-14T09:50:00+05:30,NSE_FO|51364,,,157.73,136.0,23493.05,,14.1,-14.13,-1.01,475.23
2026-05-14T09:50:00+05:30,NSE_FO|51352,,,259.69,233.5,23493.05,,14.1,-14.13,-1.01,475.23
2026-05-14T09:50:00+05:30,NSE_FO|51367,,,272.26,302.4,23493.2,,14.1,-14.13,-1.01,475.23
2026-05-14T09:50:00+05:30,NSE_FO|51346,,,325.44,294.25,23493.2,,14.1,-14.13,-1.01,475.23
2026-05-14T09:50:00+05:30,NSE_FO|51366,,,134.55,116.4,23493.2,,14.1,-14.13,-1.01,475.23
2026-05-14T09:50:00+05:30,NSE_FO|51347,,,115.94,132.0,23493.2,,14.1,-14.13,-1.01,475.23
2026-05-14T09:50:00+05:30,NSE_FO|51349,,,132.51,150.0,23493.2,,14.1,-14.13,-1.01,475.23
2026-05-14T09:50:00+05:30,NSE_FO|51322,,,400.23,363.7,23492.55,,14.1,-14.13,-1.01,475.23
2026-05-14T09:50:00+05:30,NSE_FO|51320,,,436.23,400.75,23492.55,,14.1,-14.13,-1.01,475.23
2026-05-14T09:50:00+05:30,NSE_FO|51383,,,484.93,527.25,23493.85,,14.1,-14.13,-1.01,475.23
2026-05-14T09:50:00+05:30,NSE_FO|51379,,,406.99,447.35,23492.1,,14.1,-14.13,-1.01,475.23
2026-05-14T09:50:00+05:30,NSE_FO|51310,,,604.54,558.75,23492.6,,14.1,-14.13,-1.01,475.23
2026-05-14T09:50:00+05:30,NSE_FO|51377,,,369.3,411.0,23492.35,,14.1,-14.13,-1.01,475.23
2026-05-14T09:50:00+05:30,NSE_FO|51314,,,515.03,476.8,23492.65,,14.1,-14.13,-1.01,475.23
2026-05-14T09:49:00+05:30,NSE_FO|51312,,,558.76,511.95,23491.3,,14.1,-14.13,-1.01,475.23
2026-05-14T09:50:00+05:30,NSE_FO|51381,,,443.92,488.3,23493.1,,14.1,-14.13,-1.01,475.23
2026-05-14T09:50:00+05:30,NSE_FO|51316,,,476.09,438.7,23492.25,,14.1,-14.13,-1.01,475.23
2026-05-14T09:51:00+05:30,NSE_FO|51364,,,157.5,134.3,23494.0,,17.0,-13.27,-0.93,475.25
2026-05-14T09:51:00+05:30,NSE_FO|51315,,,57.33,66.35,23494.0,,17.0,-13.27,-0.93,475.25
2026-05-14T09:51:00+05:30,NSE_FO|51371,,,305.18,338.95,23494.0,,17.0,-13.27,-0.93,475.25
2026-05-14T09:51:00+05:30,NSE_FO|51359,,,216.05,246.1,23494.0,,17.0,-13.27,-0.93,475.25
2026-05-14T09:51:00+05:30,NSE_FO|51379,,,408.56,448.65,23494.0,,17.0,-13.27,-0.93,475.25
2026-05-14T09:51:00+05:30,NSE_FO|51365,,,243.49,275.1,23494.0,,17.0,-13.27,-0.93,475.25
2026-05-14T09:51:00+05:30,NSE_FO|51355,,,173.41,194.45,23494.0,,17.0,-13.27,-0.93,475.25
2026-05-14T09:51:00+05:30,NSE_FO|51354,,,230.84,203.75,23494.0,,17.0,-13.27,-0.93,475.25
2026-05-14T09:51:00+05:30,NSE_FO|51382,,,50.06,41.45,23494.0,,17.0,-13.27,-0.93,475.25
2026-05-14T09:51:00+05:30,NSE_FO|51353,,,153.2,172.15,23494.0,,17.0,-13.27,-0.93,475.25
2026-05-14T09:51:00+05:30,NSE_FO|51322,,,399.73,361.35,23494.0,,17.0,-13.27,-0.93,475.25
2026-05-14T09:51:00+05:30,NSE_FO|51317,,,66.89,76.75,23494.0,,17.0,-13.27,-0.93,475.25
2026-05-14T09:51:00+05:30,NSE_FO|51380,,,59.85,49.65,23494.0,,17.0,-13.27,-0.93,475.25
2026-05-14T09:51:00+05:30,NSE_FO|51358,,,180.62,155.7,23494.0,,17.0,-13.27,-0.93,475.25
2026-05-14T09:51:00+05:30,NSE_FO|51349,,,133.02,151.9,23494.0,,17.0,-13.27,-0.93,475.25
2026-05-14T09:51:00+05:30,NSE_FO|51313,,,49.81,57.4,23494.0,,17.0,-13.27,-0.93,475.25
2026-05-14T09:51:00+05:30,NSE_FO|51311,,,43.09,49.45,23494.0,,17.0,-13.27,-0.93,475.25
2026-05-14T09:51:00+05:30,NSE_FO|51378,,,70.81,59.45,23494.0,,17.0,-13.27,-0.93,475.25
2026-05-14T09:51:00+05:30,NSE_FO|51325,,,101.21,116.35,23494.0,,17.0,-13.27,-0.93,475.25
2026-05-14T09:51:00+05:30,NSE_FO|51366,,,134.3,115.6,23494.0,,17.0,-13.27,-0.93,475.25
2026-05-14T09:51:00+05:30,NSE_FO|51323,,,89.32,101.7,23494.0,,17.0,-13.27,-0.93,475.25
2026-05-14T09:51:00+05:30,NSE_FO|51310,,,603.77,557.5,23494.0,,17.0,-13.27,-0.93,475.25
2026-05-14T09:51:00+05:30,NSE_FO|51357,,,193.84,218.55,23495.2,,17.0,-13.27,-0.93,475.25
2026-05-14T09:51:00+05:30,NSE_FO|51356,,,203.72,179.25,23495.2,,17.0,-13.27,-0.93,475.25
2026-05-14T09:51:00+05:30,NSE_FO|51367,,,272.93,304.75,23495.2,,17.0,-13.27,-0.93,475.25
2026-05-14T09:51:00+05:30,NSE_FO|51347,,,116.4,132.9,23495.2,,17.0,-13.27,-0.93,475.25
2026-05-14T09:51:00+05:30,NSE_FO|51321,,,76.81,88.4,23495.2,,17.0,-13.27,-0.93,475.25
2026-05-14T09:51:00+05:30,NSE_FO|51370,,,115.66,98.6,23495.2,,17.0,-13.27,-0.93,475.25
2026-05-14T09:51:00+05:30,NSE_FO|51348,,,292.29,261.3,23495.2,,17.0,-13.27,-0.93,475.25
2026-05-14T09:51:00+05:30,NSE_FO|51375,,,335.04,372.45,23494.15,,17.0,-13.27,-0.93,475.25
2026-05-14T09:51:00+05:30,NSE_FO|51352,,,259.12,231.9,23494.15,,17.0,-13.27,-0.93,475.25
2026-05-14T09:51:00+05:30,NSE_FO|51374,,,98.21,83.8,23494.15,,17.0,-13.27,-0.93,475.25
2026-05-14T09:51:00+05:30,NSE_FO|51383,,,486.32,529.95,23494.5,,17.0,-13.27,-0.93,475.25
2026-05-14T09:51:00+05:30,NSE_FO|51376,,,84.73,70.65,23493.75,,17.0,-13.27,-0.93,475.25
2026-05-14T09:51:00+05:30,NSE_FO|51324,,,361.43,325.6,23494.95,,17.0,-13.27,-0.93,475.25
2026-05-14T09:51:00+05:30,NSE_FO|51381,,,444.22,488.75,23494.95,,17.0,-13.27,-0.93,475.25
2026-05-14T09:51:00+05:30,NSE_FO|51314,,,514.81,476.95,23494.3,,17.0,-13.27,-0.93,475.25
2026-05-14T09:51:00+05:30,NSE_FO|51346,,,324.99,294.55,23494.9,,17.0,-13.27,-0.93,475.25
2026-05-14T09:51:00+05:30,NSE_FO|51320,,,435.49,400.0,23494.9,,17.0,-13.27,-0.93,475.25
2026-05-14T09:51:00+05:30,NSE_FO|51377,,,369.9,405.0,23496.45,,17.0,-13.27,-0.93,475.25
2026-05-14T09:51:00+05:30,NSE_FO|51312,,,557.42,517.1,23496.4,,17.0,-13.27,-0.93,475.25
2026-05-14T09:51:00+05:30,NSE_FO|51316,,,476.01,442.85,23500.45,,17.0,-13.27,-0.93,475.25
2026-05-14T09:52:00+05:30,NSE_FO|51382,,,49.92,41.9,23496.45,,17.0,-13.27,-0.99,475.13
2026-05-14T09:52:00+05:30,NSE_FO|51325,,,101.38,113.7,23496.45,,17.0,-13.27,-0.99,475.13
2026-05-14T09:52:00+05:30,NSE_FO|51353,,,153.59,168.45,23496.45,,17.0,-13.27,-0.99,475.13
2026-05-14T09:52:00+05:30,NSE_FO|51315,,,57.44,64.55,23496.45,,17.0,-13.27,-0.99,475.13
2026-05-14T09:52:00+05:30,NSE_FO|51323,,,89.53,99.1,23496.45,,17.0,-13.27,-0.99,475.13
2026-05-14T09:52:00+05:30,NSE_FO|51359,,,216.32,241.1,23496.45,,17.0,-13.27,-0.99,475.13
2026-05-14T09:52:00+05:30,NSE_FO|51354,,,230.43,207.2,23496.45,,17.0,-13.27,-0.99,475.13
2026-05-14T09:52:00+05:30,NSE_FO|51355,,,173.78,190.6,23496.45,,17.0,-13.27,-0.99,475.13
2026-05-14T09:52:00+05:30,NSE_FO|51347,,,116.61,130.05,23496.45,,17.0,-13.27,-0.99,475.13
2026-05-14T09:52:00+05:30,NSE_FO|51349,,,133.35,148.0,23496.45,,17.0,-13.27,-0.99,475.13
2026-05-14T09:52:00+05:30,NSE_FO|51374,,,98.04,84.8,23496.45,,17.0,-13.27,-0.99,475.13
2026-05-14T09:52:00+05:30,NSE_FO|51311,,,43.18,48.05,23496.45,,17.0,-13.27,-0.99,475.13
2026-05-14T09:52:00+05:30,NSE_FO|51378,,,70.69,60.1,23496.45,,17.0,-13.27,-0.99,475.13
2026-05-14T09:52:00+05:30,NSE_FO|51366,,,134.11,117.4,23496.45,,17.0,-13.27,-0.99,475.13
2026-05-14T09:52:00+05:30,NSE_FO|51357,,,194.03,214.25,23498.3,,17.0,-13.27,-0.99,475.13
2026-05-14T09:52:00+05:30,NSE_FO|51380,,,59.72,50.25,23498.3,,17.0,-13.27,-0.99,475.13
2026-05-14T09:52:00+05:30,NSE_FO|51367,,,273.23,299.3,23498.3,,17.0,-13.27,-0.99,475.13
2026-05-14T09:52:00+05:30,NSE_FO|51346,,,324.49,296.9,23498.3,,17.0,-13.27,-0.99,475.13
2026-05-14T09:52:00+05:30,NSE_FO|51365,,,243.77,269.45,23498.3,,17.0,-13.27,-0.99,475.13
2026-05-14T09:52:00+05:30,NSE_FO|51321,,,77.01,86.25,23498.3,,17.0,-13.27,-0.99,475.13
2026-05-14T09:52:00+05:30,NSE_FO|51375,,,335.69,366.9,23498.3,,17.0,-13.27,-0.99,475.13
2026-05-14T09:52:00+05:30,NSE_FO|51348,,,291.9,265.0,23498.3,,17.0,-13.27,-0.99,475.13
2026-05-14T09:52:00+05:30,NSE_FO|51370,,,115.4,100.1,23498.3,,17.0,-13.27,-0.99,475.13
2026-05-14T09:52:00+05:30,NSE_FO|51313,,,49.9,55.7,23498.5,,17.0,-13.27,-0.99,475.13
2026-05-14T09:52:00+05:30,NSE_FO|51356,,,203.52,181.8,23498.5,,17.0,-13.27,-0.99,475.13
2026-05-14T09:52:00+05:30,NSE_FO|51364,,,157.35,137.0,23498.5,,17.0,-13.27,-0.99,475.13
2026-05-14T09:52:00+05:30,NSE_FO|51352,,,258.61,235.3,23498.5,,17.0,-13.27,-0.99,475.13
2026-05-14T09:52:00+05:30,NSE_FO|51358,,,180.43,158.0,23498.5,,17.0,-13.27,-0.99,475.13
2026-05-14T09:52:00+05:30,NSE_FO|51324,,,361.01,330.8,23498.85,,17.0,-13.27,-0.99,475.13
2026-05-14T09:52:00+05:30,NSE_FO|51376,,,84.57,71.7,23498.85,,17.0,-13.27,-0.99,475.13
2026-05-14T09:52:00+05:30,NSE_FO|51317,,,67.0,74.6,23498.85,,17.0,-13.27,-0.99,475.13
2026-05-14T09:52:00+05:30,NSE_FO|51383,,,486.69,522.5,23499.95,,17.0,-13.27,-0.99,475.13
2026-05-14T09:52:00+05:30,NSE_FO|51371,,,305.43,331.3,23499.35,,17.0,-13.27,-0.99,475.13
2026-05-14T09:52:00+05:30,NSE_FO|51314,,,514.35,482.2,23499.35,,17.0,-13.27,-0.99,475.13
2026-05-14T09:52:00+05:30,NSE_FO|51322,,,399.22,367.15,23500.3,,17.0,-13.27,-0.99,475.13
2026-05-14T09:52:00+05:30,NSE_FO|51310,,,603.23,566.55,23500.3,,17.0,-13.27,-0.99,475.13
2026-05-14T09:52:00+05:30,NSE_FO|51320,,,435.06,403.8,23500.8,,17.0,-13.27,-0.99,475.13
2026-05-14T09:52:00+05:30,NSE_FO|51379,,,408.96,439.75,23500.35,,17.0,-13.27,-0.99,475.13
2026-05-14T09:52:00+05:30,NSE_FO|51381,,,444.58,480.35,23500.65,,17.0,-13.27,-0.99,475.13
2026-05-14T09:53:00+05:30,NSE_FO|51314,,,514.13,476.0,23496.25,,52.5,1.25,0,474.71
2026-05-14T09:53:00+05:30,NSE_FO|51367,,,273.46,303.65,23496.25,,52.5,1.25,0,474.71
2026-05-14T09:53:00+05:30,NSE_FO|51311,,,43.24,49.2,23496.25,,52.5,1.25,0,474.71
2026-05-14T09:53:00+05:30,NSE_FO|51379,,,409.13,446.0,23496.25,,52.5,1.25,0,474.71
2026-05-14T09:53:00+05:30,NSE_FO|51366,,,133.97,116.0,23496.25,,52.5,1.25,0,474.71
2026-05-14T09:53:00+05:30,NSE_FO|51320,,,434.69,400.0,23496.25,,52.5,1.25,0,474.71
2026-05-14T09:53:00+05:30,NSE_FO|51347,,,116.77,132.8,23496.25,,52.5,1.25,0,474.71
2026-05-14T09:53:00+05:30,NSE_FO|51349,,,133.53,151.9,23496.4,,52.5,1.25,0,474.71
2026-05-14T09:53:00+05:30,NSE_FO|51381,,,444.92,484.05,23496.4,,52.5,1.25,0,474.71
2026-05-14T09:53:00+05:30,NSE_FO|51382,,,49.85,41.45,23496.4,,52.5,1.25,0,474.71
2026-05-14T09:53:00+05:30,NSE_FO|51313,,,50.0,57.3,23496.4,,52.5,1.25,0,474.71
2026-05-14T09:53:00+05:30,NSE_FO|51376,,,84.46,70.8,23496.4,,52.5,1.25,0,474.71
2026-05-14T09:53:00+05:30,NSE_FO|51325,,,101.5,116.7,23496.4,,52.5,1.25,0,474.71
2026-05-14T09:53:00+05:30,NSE_FO|51364,,,157.23,134.65,23496.4,,52.5,1.25,0,474.71
2026-05-14T09:53:00+05:30,NSE_FO|51352,,,258.19,231.55,23496.4,,52.5,1.25,0,474.71
2026-05-14T09:53:00+05:30,NSE_FO|51353,,,153.86,172.4,23496.4,,52.5,1.25,0,474.71
2026-05-14T09:53:00+05:30,NSE_FO|51315,,,57.53,66.25,23496.4,,52.5,1.25,0,474.71
2026-05-14T09:53:00+05:30,NSE_FO|51317,,,67.12,76.65,23496.4,,52.5,1.25,0,474.71
2026-05-14T09:53:00+05:30,NSE_FO|51371,,,305.88,336.05,23496.4,,52.5,1.25,0,474.71
2026-05-14T09:53:00+05:30,NSE_FO|51324,,,360.65,326.1,23496.4,,52.5,1.25,0,474.71
2026-05-14T09:53:00+05:30,NSE_FO|51375,,,335.91,373.0,23496.4,,52.5,1.25,0,474.71
2026-05-14T09:53:00+05:30,NSE_FO|51346,,,324.16,293.0,23496.4,,52.5,1.25,0,474.71
2026-05-14T09:53:00+05:30,NSE_FO|51348,,,291.6,261.0,23496.4,,52.5,1.25,0,474.71
2026-05-14T09:53:00+05:30,NSE_FO|51316,,,475.68,442.2,23496.4,,52.5,1.25,0,474.71
2026-05-14T09:53:00+05:30,NSE_FO|51370,,,115.21,98.8,23496.4,,52.5,1.25,0,474.71
2026-05-14T09:53:00+05:30,NSE_FO|51365,,,243.99,275.0,23496.4,,52.5,1.25,0,474.71
2026-05-14T09:53:00+05:30,NSE_FO|51355,,,174.01,194.45,23496.4,,52.5,1.25,0,474.71
2026-05-14T09:53:00+05:30,NSE_FO|51354,,,230.07,204.0,23496.4,,52.5,1.25,0,474.71
2026-05-14T09:53:00+05:30,NSE_FO|51383,,,486.91,530.0,23496.4,,52.5,1.25,0,474.71
2026-05-14T09:53:00+05:30,NSE_FO|51374,,,97.93,83.7,23496.4,,52.5,1.25,0,474.71
2026-05-14T09:53:00+05:30,NSE_FO|51378,,,70.59,59.2,23496.4,,52.5,1.25,0,474.71
2026-05-14T09:53:00+05:30,NSE_FO|51322,,,398.9,365.75,23496.4,,52.5,1.25,0,474.71
2026-05-14T09:53:00+05:30,NSE_FO|51377,,,370.38,405.65,23496.4,,52.5,1.25,0,474.71
2026-05-14T09:53:00+05:30,NSE_FO|51323,,,89.72,101.6,23496.4,,52.5,1.25,0,474.71
2026-05-14T09:53:00+05:30,NSE_FO|51310,,,602.38,560.8,23496.4,,52.5,1.25,0,474.71
2026-05-14T09:53:00+05:30,NSE_FO|51357,,,194.19,219.45,23497.1,,52.5,1.25,0,474.71
2026-05-14T09:53:00+05:30,NSE_FO|51380,,,59.66,49.7,23497.1,,52.5,1.25,0,474.71
2026-05-14T09:53:00+05:30,NSE_FO|51356,,,203.32,178.45,23497.1,,52.5,1.25,0,474.71
2026-05-14T09:53:00+05:30,NSE_FO|51358,,,180.24,155.8,23497.1,,52.5,1.25,0,474.71
2026-05-14T09:53:00+05:30,NSE_FO|51359,,,216.5,245.8,23497.1,,52.5,1.25,0,474.71
2026-05-14T09:53:00+05:30,NSE_FO|51321,,,77.12,88.5,23497.1,,52.5,1.25,0,474.71
2026-05-14T09:53:00+05:30,NSE_FO|51312,,,556.01,525.0,23495.8,,52.5,1.25,0,474.71
2026-05-14T09:54:00+05:30,NSE_FO|51313,,,50.19,59.65,23483.3,,52.6,1.38,0,357.58
2026-05-14T09:54:00+05:30,NSE_FO|51378,,,70.35,56.8,23483.3,,52.6,1.38,0,357.58
2026-05-14T09:54:00+05:30,NSE_FO|51325,,,101.9,121.1,23483.3,,52.6,1.38,0,357.58
2026-05-14T09:54:00+05:30,NSE_FO|51364,,,156.92,128.9,23483.3,,52.6,1.38,0,357.58
2026-05-14T09:54:00+05:30,NSE_FO|51366,,,133.65,110.7,23483.3,,52.6,1.38,0,357.58
2026-05-14T09:54:00+05:30,NSE_FO|51315,,,57.71,68.95,23483.3,,52.6,1.38,0,357.58
2026-05-14T09:54:00+05:30,NSE_FO|51323,,,90.14,106.15,23483.3,,52.6,1.38,0,357.58
2026-05-14T09:54:00+05:30,NSE_FO|51310,,,601.8,546.5,23483.3,,52.6,1.38,0,357.58
2026-05-14T09:54:00+05:30,NSE_FO|51371,,,306.33,349.35,23483.3,,52.6,1.38,0,357.58
2026-05-14T09:54:00+05:30,NSE_FO|51381,,,446.21,500.8,23475.3,,52.6,1.38,0,357.58
2026-05-14T09:54:00+05:30,NSE_FO|51312,,,555.72,502.45,23475.3,,52.6,1.38,0,357.58
2026-05-14T09:54:00+05:30,NSE_FO|51356,,,202.9,171.9,23475.3,,52.6,1.38,0,357.58
2026-05-14T09:54:00+05:30,NSE_FO|51359,,,217.08,254.9,23475.3,,52.6,1.38,0,357.58
2026-05-14T09:54:00+05:30,NSE_FO|51367,,,274.1,315.55,23475.3,,52.6,1.38,0,357.58
2026-05-14T09:54:00+05:30,NSE_FO|51346,,,323.35,283.6,23475.3,,52.6,1.38,0,357.58
2026-05-14T09:54:00+05:30,NSE_FO|51348,,,290.79,252.35,23475.3,,52.6,1.38,0,357.58
2026-05-14T09:54:00+05:30,NSE_FO|51379,,,410.05,460.95,23475.3,,52.6,1.38,0,357.58
2026-05-14T09:54:00+05:30,NSE_FO|51365,,,244.56,283.6,23475.3,,52.6,1.38,0,357.58
2026-05-14T09:54:00+05:30,NSE_FO|51355,,,174.73,201.95,23475.3,,52.6,1.38,0,357.58
2026-05-14T09:54:00+05:30,NSE_FO|51354,,,229.36,196.3,23475.3,,52.6,1.38,0,357.58
2026-05-14T09:54:00+05:30,NSE_FO|51383,,,488.15,543.1,23475.3,,52.6,1.38,0,357.58
2026-05-14T09:54:00+05:30,NSE_FO|51321,,,77.45,92.25,23475.3,,52.6,1.38,0,357.58
2026-05-14T09:54:00+05:30,NSE_FO|51314,,,513.5,462.9,23475.3,,52.6,1.38,0,357.58
2026-05-14T09:54:00+05:30,NSE_FO|51382,,,49.68,39.7,23475.3,,52.6,1.38,0,357.58
2026-05-14T09:54:00+05:30,NSE_FO|51376,,,84.25,67.7,23475.3,,52.6,1.38,0,357.58
2026-05-14T09:54:00+05:30,NSE_FO|51311,,,43.4,51.45,23475.3,,52.6,1.38,0,357.58
2026-05-14T09:54:00+05:30,NSE_FO|51353,,,154.68,178.5,23475.3,,52.6,1.38,0,357.58
2026-05-14T09:54:00+05:30,NSE_FO|51322,,,398.46,350.5,23475.3,,52.6,1.38,0,357.58
2026-05-14T09:54:00+05:30,NSE_FO|51352,,,257.51,223.45,23475.3,,52.6,1.38,0,357.58
2026-05-14T09:54:00+05:30,NSE_FO|51377,,,370.74,420.4,23475.3,,52.6,1.38,0,357.58
2026-05-14T09:54:00+05:30,NSE_FO|51317,,,67.37,79.5,23475.3,,52.6,1.38,0,357.58
2026-05-14T09:54:00+05:30,NSE_FO|51357,,,194.62,226.7,23475.3,,52.6,1.38,0,357.58
2026-05-14T09:54:00+05:30,NSE_FO|51324,,,360.04,315.8,23475.3,,52.6,1.38,0,357.58
2026-05-14T09:54:00+05:30,NSE_FO|51380,,,59.54,47.65,23475.3,,52.6,1.38,0,357.58
2026-05-14T09:54:00+05:30,NSE_FO|51375,,,336.6,384.2,23475.3,,52.6,1.38,0,357.58
2026-05-14T09:54:00+05:30,NSE_FO|51358,,,179.9,148.9,23475.3,,52.6,1.38,0,357.58
2026-05-14T09:54:00+05:30,NSE_FO|51370,,,114.89,94.35,23475.3,,52.6,1.38,0,357.58
2026-05-14T09:54:00+05:30,NSE_FO|51316,,,475.33,424.7,23475.3,,52.6,1.38,0,357.58
2026-05-14T09:54:00+05:30,NSE_FO|51320,,,433.27,387.6,23475.3,,52.6,1.38,0,357.58
2026-05-14T09:54:00+05:30,NSE_FO|51347,,,117.16,138.3,23475.3,,52.6,1.38,0,357.58
2026-05-14T09:54:00+05:30,NSE_FO|51349,,,134.17,157.8,23475.3,,52.6,1.38,0,357.58
2026-05-14T09:54:00+05:30,NSE_FO|51374,,,97.64,80.2,23475.3,,52.6,1.38,0,357.58
2026-05-14T09:55:00+05:30,NSE_FO|51309,,,37.51,43.85,23471.45,,47.8,0.85,0,451.65
2026-05-14T09:55:00+05:30,NSE_FO|51325,,,102.75,120.65,23471.45,,47.8,0.85,0,451.65
2026-05-14T09:55:00+05:30,NSE_FO|51323,,,90.96,105.65,23471.45,,47.8,0.85,0,451.65
2026-05-14T09:55:00+05:30,NSE_FO|51381,,,448.76,504.05,23471.45,,47.8,0.85,0,451.65
2026-05-14T09:55:00+05:30,NSE_FO|51359,,,218.17,255.2,23471.45,,47.8,0.85,0,451.65
2026-05-14T09:55:00+05:30,NSE_FO|51358,,,179.16,147.9,23471.45,,47.8,0.85,0,451.65
2026-05-14T09:55:00+05:30,NSE_FO|51370,,,114.2,93.55,23471.45,,47.8,0.85,0,451.65
2026-05-14T09:55:00+05:30,NSE_FO|51348,,,289.27,250.55,23471.45,,47.8,0.85,0,451.65
2026-05-14T09:55:00+05:30,NSE_FO|51320,,,431.04,383.7,23471.45,,47.8,0.85,0,451.65
2026-05-14T09:55:00+05:30,NSE_FO|51355,,,176.16,201.85,23471.45,,47.8,0.85,0,451.65
2026-05-14T09:55:00+05:30,NSE_FO|51347,,,118.09,138.15,23471.45,,47.8,0.85,0,451.65
2026-05-14T09:55:00+05:30,NSE_FO|51349,,,135.36,157.75,23471.45,,47.8,0.85,0,451.65
2026-05-14T09:55:00+05:30,NSE_FO|51382,,,49.39,39.55,23471.45,,47.8,0.85,0,451.65
2026-05-14T09:55:00+05:30,NSE_FO|51376,,,83.72,67.0,23471.45,,47.8,0.85,0,451.65
2026-05-14T09:55:00+05:30,NSE_FO|51311,,,43.72,51.05,23471.45,,47.8,0.85,0,451.65
2026-05-14T09:55:00+05:30,NSE_FO|51378,,,69.92,56.05,23471.45,,47.8,0.85,0,451.65
2026-05-14T09:55:00+05:30,NSE_FO|51364,,,156.32,127.95,23471.45,,47.8,0.85,0,451.65
2026-05-14T09:55:00+05:30,NSE_FO|51366,,,133.03,109.85,23471.45,,47.8,0.85,0,451.65
2026-05-14T09:55:00+05:30,NSE_FO|51317,,,67.83,79.5,23471.45,,47.8,0.85,0,451.65
2026-05-14T09:55:00+05:30,NSE_FO|51357,,,195.59,227.15,23473.2,,47.8,0.85,0,451.65
2026-05-14T09:55:00+05:30,NSE_FO|51324,,,358.53,313.5,23473.2,,47.8,0.85,0,451.65
2026-05-14T09:55:00+05:30,NSE_FO|51356,,,202.12,170.5,23473.2,,47.8,0.85,0,451.65
2026-05-14T09:55:00+05:30,NSE_FO|51367,,,275.82,315.2,23473.2,,47.8,0.85,0,451.65
2026-05-14T09:55:00+05:30,NSE_FO|51346,,,321.67,281.1,23473.2,,47.8,0.85,0,451.65
2026-05-14T09:55:00+05:30,NSE_FO|51354,,,228.11,194.9,23473.2,,47.8,0.85,0,451.65
2026-05-14T09:55:00+05:30,NSE_FO|51321,,,77.99,91.75,23473.2,,47.8,0.85,0,451.65
2026-05-14T09:55:00+05:30,NSE_FO|51374,,,96.97,79.6,23473.2,,47.8,0.85,0,451.65
2026-05-14T09:55:00+05:30,NSE_FO|51310,,,599.32,542.3,23472.35,,47.8,0.85,0,451.65
2026-05-14T09:55:00+05:30,NSE_FO|51371,,,307.56,350.5,23472.35,,47.8,0.85,0,451.65
2026-05-14T09:55:00+05:30,NSE_FO|51375,,,337.97,386.0,23472.35,,47.8,0.85,0,451.65
2026-05-14T09:55:00+05:30,NSE_FO|51352,,,256.04,220.65,23472.35,,47.8,0.85,0,451.65
2026-05-14T09:55:00+05:30,NSE_FO|51377,,,372.27,424.1,23472.35,,47.8,0.85,0,451.65
2026-05-14T09:55:00+05:30,NSE_FO|51380,,,59.21,47.1,23471.5,,47.8,0.85,0,451.65
2026-05-14T09:55:00+05:30,NSE_FO|51353,,,156.45,180.0,23471.5,,47.8,0.85,0,451.65
2026-05-14T09:55:00+05:30,NSE_FO|51315,,,58.21,69.1,23471.5,,47.8,0.85,0,451.65
2026-05-14T09:55:00+05:30,NSE_FO|51313,,,50.62,59.75,23471.05,,47.8,0.85,0,451.65
2026-05-14T09:55:00+05:30,NSE_FO|51365,,,245.6,285.6,23471.05,,11.8,-14.27,0,451.63
2026-05-14T09:55:00+05:30,NSE_FO|51316,,,472.62,419.55,23471.15,,11.8,-14.27,0,451.63
2026-05-14T09:55:00+05:30,NSE_FO|51379,,,411.46,464.9,23470.65,,11.8,-14.27,0,451.63
2026-05-14T09:55:00+05:30,NSE_FO|51322,,,396.96,347.25,23470.5,,11.8,-14.27,0,451.63
2026-05-14T09:55:00+05:30,NSE_FO|51383,,,490.64,544.95,23469.75,,11.8,-14.27,0,451.57
2026-05-14T09:55:00+05:30,NSE_FO|51314,,,510.67,460.9,23469.1,,11.8,-14.27,0,451.59
2026-05-14T09:55:00+05:30,NSE_FO|51312,,,553.23,508.15,23476.6,,11.8,-14.27,0,451.22
2026-05-14T09:55:00+05:30,NSE_FO|51308,,,646.91,587.25,23468.25,,11.8,-14.27,0,451.04
2026-05-14T09:56:00+05:30,NSE_FO|51325,,,103.29,121.1,23468.0,,11.8,-14.27,0,450.97
2026-05-14T09:56:00+05:30,NSE_FO|51315,,,58.49,68.9,23468.0,,11.8,-14.27,0,450.97
2026-05-14T09:56:00+05:30,NSE_FO|51323,,,91.45,105.6,23468.0,,11.8,-14.27,0,450.97
2026-05-14T09:56:00+05:30,NSE_FO|51371,,,308.56,350.25,23468.0,,11.8,-14.27,0,450.97
2026-05-14T09:56:00+05:30,NSE_FO|51348,,,288.3,249.3,23468.0,,11.8,-14.27,0,450.97
2026-05-14T09:56:00+05:30,NSE_FO|51355,,,177.11,202.5,23468.0,,11.8,-14.27,0,450.97
2026-05-14T09:56:00+05:30,NSE_FO|51354,,,227.09,194.05,23468.0,,11.8,-14.27,0,450.97
2026-05-14T09:56:00+05:30,NSE_FO|51382,,,49.2,39.2,23468.0,,11.8,-14.27,0,450.97
2026-05-14T09:56:00+05:30,NSE_FO|51376,,,83.46,66.8,23468.0,,11.8,-14.27,0,450.97
2026-05-14T09:56:00+05:30,NSE_FO|51353,,,157.63,179.0,23468.0,,11.8,-14.27,0,450.97
2026-05-14T09:56:00+05:30,NSE_FO|51322,,,395.61,347.65,23468.0,,11.8,-14.27,0,450.97
2026-05-14T09:56:00+05:30,NSE_FO|51317,,,68.13,79.5,23468.0,,11.8,-14.27,0,450.97
2026-05-14T09:56:00+05:30,NSE_FO|51380,,,58.75,46.85,23468.0,,11.8,-14.27,0,450.97
2026-05-14T09:56:00+05:30,NSE_FO|51358,,,178.66,147.8,23468.0,,11.8,-14.27,0,450.97
2026-05-14T09:56:00+05:30,NSE_FO|51370,,,113.79,93.25,23468.0,,11.8,-14.27,0,450.97
2026-05-14T09:56:00+05:30,NSE_FO|51349,,,136.17,157.95,23468.0,,11.8,-14.27,0,450.97
2026-05-14T09:56:00+05:30,NSE_FO|51374,,,96.62,79.0,23468.0,,11.8,-14.27,0,450.97
2026-05-14T09:56:00+05:30,NSE_FO|51311,,,43.94,51.25,23468.0,,11.8,-14.27,0,450.97
2026-05-14T09:56:00+05:30,NSE_FO|51352,,,254.73,220.9,23468.0,,11.8,-14.27,0,450.97
2026-05-14T09:56:00+05:30,NSE_FO|51366,,,132.66,109.45,23468.0,,11.8,-14.27,0,450.97
2026-05-14T09:56:00+05:30,NSE_FO|51357,,,196.24,228.05,23470.55,,11.8,-14.27,0,450.97
2026-05-14T09:56:00+05:30,NSE_FO|51356,,,201.61,170.2,23470.55,,11.8,-14.27,0,450.97
2026-05-14T09:56:00+05:30,NSE_FO|51367,,,276.58,316.45,23470.55,,11.8,-14.27,0,450.97
2026-05-14T09:56:00+05:30,NSE_FO|51321,,,78.39,91.8,23470.55,,11.8,-14.27,0,450.97
2026-05-14T09:56:00+05:30,NSE_FO|51347,,,118.81,138.4,23470.55,,11.8,-14.27,0,450.97
2026-05-14T09:56:00+05:30,NSE_FO|51324,,,356.97,312.7,23469.2,,11.8,-14.27,0,450.97
2026-05-14T09:56:00+05:30,NSE_FO|51320,,,429.43,383.65,23469.2,,11.8,-14.27,0,450.97
2026-05-14T09:56:00+05:30,NSE_FO|51359,,,218.9,255.6,23468.45,,11.8,-14.27,0,450.97
2026-05-14T09:56:00+05:30,NSE_FO|51346,,,320.08,280.05,23468.45,,11.8,-14.27,0,450.97
2026-05-14T09:56:00+05:30,NSE_FO|51365,,,246.38,285.55,23468.45,,11.8,-14.27,0,450.97
2026-05-14T09:56:00+05:30,NSE_FO|51383,,,492.45,544.9,23467.95,,11.8,-14.27,0,450.97
2026-05-14T09:56:00+05:30,NSE_FO|51313,,,50.82,59.45,23468.95,,11.8,-14.27,0,450.97
2026-05-14T09:56:00+05:30,NSE_FO|51309,,,37.83,44.05,23468.95,,11.8,-14.27,0,450.97
2026-05-14T09:56:00+05:30,NSE_FO|51364,,,155.9,127.35,23468.95,,11.8,-14.27,0,450.97
2026-05-14T09:56:00+05:30,NSE_FO|51310,,,597.83,542.6,23469.0,,11.8,-14.27,0,450.97
2026-05-14T09:56:00+05:30,NSE_FO|51378,,,69.67,56.0,23469.0,,11.8,-14.27,0,450.97
2026-05-14T09:56:00+05:30,NSE_FO|51375,,,338.91,386.55,23468.55,,11.8,-14.27,0,450.97
2026-05-14T09:56:00+05:30,NSE_FO|51377,,,373.1,423.95,23468.55,,11.8,-14.27,0,450.97
2026-05-14T09:56:00+05:30,NSE_FO|51379,,,411.97,462.1,23468.35,,11.8,-14.27,0,450.97
2026-05-14T09:56:00+05:30,NSE_FO|51314,,,510.1,462.7,23468.1,,11.8,-14.27,0,450.93
2026-05-14T09:56:00+05:30,NSE_FO|51316,,,472.39,426.9,23469.25,,11.8,-14.27,0,450.93
2026-05-14T09:56:00+05:30,NSE_FO|51381,,,449.54,502.15,23474.15,,11.8,-14.27,0,450.88
2026-05-14T09:56:00+05:30,NSE_FO|51312,,,552.67,502.0,23469.0,,11.8,-14.27,0,450.8
2026-05-14T09:57:00+05:30,NSE_FO|51325,,,103.59,123.95,23461.2,,11.8,-14.27,0,450.46
2026-05-14T09:57:00+05:30,NSE_FO|51366,,,132.38,106.9,23461.2,,11.8,-14.27,0,450.46
2026-05-14T09:57:00+05:30,NSE_FO|51315,,,58.73,70.7,23461.2,,11.8,-14.27,0,450.46
2026-05-14T09:57:00+05:30,NSE_FO|51323,,,91.77,108.4,23461.2,,11.8,-14.27,0,450.46
2026-05-14T09:57:00+05:30,NSE_FO|51359,,,219.37,260.2,23461.2,,11.8,-14.27,0,450.46
2026-05-14T09:57:00+05:30,NSE_FO|51348,,,287.27,244.65,23461.2,,11.8,-14.27,0,450.46
2026-05-14T09:57:00+05:30,NSE_FO|51355,,,177.66,207.0,23461.2,,11.8,-14.27,0,450.46
2026-05-14T09:57:00+05:30,NSE_FO|51354,,,226.41,189.6,23461.2,,11.8,-14.27,0,450.46
2026-05-14T09:57:00+05:30,NSE_FO|51382,,,49.08,38.25,23461.2,,11.8,-14.27,0,450.46
2026-05-14T09:57:00+05:30,NSE_FO|51376,,,83.22,64.9,23461.2,,11.8,-14.27,0,450.46
2026-05-14T09:57:00+05:30,NSE_FO|51311,,,44.09,52.4,23461.2,,11.8,-14.27,0,450.46
2026-05-14T09:57:00+05:30,NSE_FO|51353,,,158.45,183.5,23461.2,,11.8,-14.27,0,450.46
2026-05-14T09:57:00+05:30,NSE_FO|51352,,,253.86,216.0,23461.2,,11.8,-14.27,0,450.46
2026-05-14T09:57:00+05:30,NSE_FO|51317,,,68.32,81.85,23461.2,,11.8,-14.27,0,450.46
2026-05-14T09:57:00+05:30,NSE_FO|51324,,,355.98,306.9,23461.2,,11.8,-14.27,0,450.46
2026-05-14T09:57:00+05:30,NSE_FO|51358,,,178.32,144.0,23461.2,,11.8,-14.27,0,450.46
2026-05-14T09:57:00+05:30,NSE_FO|51370,,,113.39,90.8,23461.2,,11.8,-14.27,0,450.46
2026-05-14T09:57:00+05:30,NSE_FO|51347,,,119.3,141.8,23461.2,,11.8,-14.27,0,450.46
2026-05-14T09:57:00+05:30,NSE_FO|51349,,,136.69,161.3,23461.2,,11.8,-14.27,0,450.46
2026-05-14T09:57:00+05:30,NSE_FO|51374,,,96.37,77.0,23461.2,,11.8,-14.27,0,450.46
2026-05-14T09:57:00+05:30,NSE_FO|51378,,,69.5,54.3,23461.2,,11.8,-14.27,0,450.46
2026-05-14T09:57:00+05:30,NSE_FO|51357,,,196.6,232.25,23462.9,,11.8,-14.27,0,450.46
2026-05-14T09:57:00+05:30,NSE_FO|51356,,,201.28,165.9,23462.9,,11.8,-14.27,0,450.46
2026-05-14T09:57:00+05:30,NSE_FO|51367,,,277.6,322.75,23462.9,,11.8,-14.27,0,450.46
2026-05-14T09:57:00+05:30,NSE_FO|51346,,,319.14,274.5,23462.9,,11.8,-14.27,0,450.46
2026-05-14T09:57:00+05:30,NSE_FO|51321,,,78.64,94.35,23462.9,,11.8,-14.27,0,450.46
2026-05-14T09:57:00+05:30,NSE_FO|51364,,,155.58,123.8,23462.9,,11.8,-14.27,0,450.46
2026-05-14T09:57:00+05:30,NSE_FO|51365,,,246.85,291.55,23462.9,,11.8,-14.27,0,450.46
2026-05-14T09:57:00+05:30,NSE_FO|51383,,,492.83,553.65,23462.9,,11.8,-14.27,0,450.46
2026-05-14T09:57:00+05:30,NSE_FO|51377,,,373.69,432.15,23461.4,,11.8,-14.27,0,450.46
2026-05-14T09:57:00+05:30,NSE_FO|51379,,,412.76,470.8,23461.4,,11.8,-14.27,0,450.46
2026-05-14T09:57:00+05:30,NSE_FO|51320,,,428.76,376.0,23461.4,,11.8,-14.27,0,450.46
2026-05-14T09:57:00+05:30,NSE_FO|51314,,,509.64,451.95,23461.4,,11.8,-14.27,0,450.46
2026-05-14T09:57:00+05:30,NSE_FO|51380,,,58.64,45.45,23461.0,,11.8,-14.27,0,450.46
2026-05-14T09:57:00+05:30,NSE_FO|51322,,,394.35,340.0,23461.0,,11.8,-14.27,0,450.46
2026-05-14T09:57:00+05:30,NSE_FO|51371,,,309.13,357.5,23461.3,,11.8,-14.27,0,450.46
2026-05-14T09:57:00+05:30,NSE_FO|51313,,,50.97,61.3,23462.3,,11.8,-14.27,0,450.46
2026-05-14T09:57:00+05:30,NSE_FO|51375,,,339.73,395.0,23462.3,,11.8,-14.27,0,450.46
2026-05-14T09:57:00+05:30,NSE_FO|51310,,,597.25,533.0,23462.3,,11.8,-14.27,0,450.46
2026-05-14T09:57:00+05:30,NSE_FO|51312,,,552.37,490.0,23462.3,,11.8,-14.27,0,450.46
2026-05-14T09:57:00+05:30,NSE_FO|51309,,,37.92,45.35,23462.3,,11.8,-14.27,0,450.46
2026-05-14T09:57:00+05:30,NSE_FO|51316,,,470.88,411.15,23461.25,,11.8,-14.27,0,450.46
2026-05-14T09:57:00+05:30,NSE_FO|51381,,,449.59,512.65,23461.15,,11.8,-14.27,0,450.46
2026-05-14T09:56:00+05:30,NSE_FO|51308,,,646.3,586.45,23464.95,,11.8,-14.27,0,449.66
2026-05-14T09:58:00+05:30,NSE_FO|51309,,,38.12,43.15,23467.15,,11.8,-14.27,0,449.66
2026-05-14T09:58:00+05:30,NSE_FO|51311,,,44.29,50.3,23467.15,,11.8,-14.27,0,449.66
2026-05-14T09:58:00+05:30,NSE_FO|51325,,,104.39,120.0,23467.15,,11.8,-14.27,0,449.66
2026-05-14T09:58:00+05:30,NSE_FO|51352,,,252.33,219.85,23467.15,,11.8,-14.27,0,449.66
2026-05-14T09:58:00+05:30,NSE_FO|51323,,,92.57,104.5,23467.15,,11.8,-14.27,0,449.66
2026-05-14T09:58:00+05:30,NSE_FO|51358,,,177.74,146.7,23467.15,,11.8,-14.27,0,449.66
2026-05-14T09:58:00+05:30,NSE_FO|51348,,,285.91,248.55,23467.15,,11.8,-14.27,0,449.66
2026-05-14T09:58:00+05:30,NSE_FO|51355,,,178.74,201.5,23467.15,,11.8,-14.27,0,449.66
2026-05-14T09:58:00+05:30,NSE_FO|51349,,,137.68,157.3,23467.15,,11.8,-14.27,0,449.66
2026-05-14T09:58:00+05:30,NSE_FO|51313,,,51.37,58.45,23467.15,,11.8,-14.27,0,449.66
2026-05-14T09:58:00+05:30,NSE_FO|51378,,,69.26,55.35,23467.15,,11.8,-14.27,0,449.66
2026-05-14T09:58:00+05:30,NSE_FO|51366,,,131.72,108.3,23467.15,,11.8,-14.27,0,449.66
2026-05-14T09:58:00+05:30,NSE_FO|51356,,,200.72,169.1,23468.25,,11.8,-14.27,0,449.66
2026-05-14T09:58:00+05:30,NSE_FO|51367,,,278.56,315.55,23468.25,,11.8,-14.27,0,449.66
2026-05-14T09:58:00+05:30,NSE_FO|51346,,,317.56,279.25,23468.25,,11.8,-14.27,0,449.66
2026-05-14T09:58:00+05:30,NSE_FO|51354,,,225.45,193.3,23468.25,,11.8,-14.27,0,449.66
2026-05-14T09:58:00+05:30,NSE_FO|51321,,,79.21,91.0,23468.25,,11.8,-14.27,0,449.66
2026-05-14T09:58:00+05:30,NSE_FO|51382,,,48.86,38.9,23468.25,,11.8,-14.27,0,449.66
2026-05-14T09:58:00+05:30,NSE_FO|51353,,,159.88,178.25,23468.25,,11.8,-14.27,0,449.66
2026-05-14T09:58:00+05:30,NSE_FO|51317,,,68.74,78.75,23468.25,,11.8,-14.27,0,449.66
2026-05-14T09:58:00+05:30,NSE_FO|51357,,,197.3,226.8,23468.25,,11.8,-14.27,0,449.66
2026-05-14T09:58:00+05:30,NSE_FO|51375,,,340.89,385.05,23468.25,,11.8,-14.27,0,449.66
2026-05-14T09:58:00+05:30,NSE_FO|51370,,,112.68,92.45,23468.25,,11.8,-14.27,0,449.66
2026-05-14T09:58:00+05:30,NSE_FO|51347,,,120.29,137.6,23468.25,,11.8,-14.27,0,449.66
2026-05-14T09:58:00+05:30,NSE_FO|51374,,,96.02,78.5,23468.25,,11.8,-14.27,0,449.66
2026-05-14T09:58:00+05:30,NSE_FO|51376,,,82.92,66.2,23468.25,,11.8,-14.27,0,449.66
2026-05-14T09:58:00+05:30,NSE_FO|51364,,,154.84,126.45,23468.25,,11.8,-14.27,0,449.66
2026-05-14T09:58:00+05:30,NSE_FO|51371,,,310.01,350.7,23468.25,,11.8,-14.27,0,449.66
2026-05-14T09:58:00+05:30,NSE_FO|51320,,,426.46,381.65,23468.2,,11.8,-14.27,0,449.66
2026-05-14T09:58:00+05:30,NSE_FO|51379,,,413.73,462.5,23468.2,,11.8,-14.27,0,449.66
2026-05-14T09:58:00+05:30,NSE_FO|51377,,,374.27,422.95,23468.2,,11.8,-14.27,0,449.66
2026-05-14T09:58:00+05:30,NSE_FO|51315,,,59.23,67.7,23468.2,,11.8,-14.27,0,449.66
2026-05-14T09:58:00+05:30,NSE_FO|51310,,,596.22,540.95,23468.2,,11.8,-14.27,0,449.66
2026-05-14T09:58:00+05:30,NSE_FO|51380,,,58.39,46.75,23468.2,,11.8,-14.27,0,449.66
2026-05-14T09:58:00+05:30,NSE_FO|51322,,,393.12,346.4,23468.2,,11.8,-14.27,0,449.66
2026-05-14T09:58:00+05:30,NSE_FO|51359,,,220.22,253.65,23468.2,,11.8,-14.27,0,449.66
2026-05-14T09:58:00+05:30,NSE_FO|51365,,,247.62,283.5,23468.2,,11.8,-14.27,0,449.66
2026-05-14T09:58:00+05:30,NSE_FO|51383,,,493.77,545.0,23468.2,,11.8,-14.27,0,449.66
2026-05-14T09:58:00+05:30,NSE_FO|51324,,,354.58,311.95,23468.2,,11.8,-14.27,0,449.66
2026-05-14T09:58:00+05:30,NSE_FO|51314,,,508.68,458.0,23468.25,,11.8,-14.27,-2.75,449.55
2026-05-14T09:58:00+05:30,NSE_FO|51316,,,468.44,417.9,23467.2,,11.8,-14.27,-2.75,449.55
2026-05-14T09:58:00+05:30,NSE_FO|51381,,,451.92,507.65,23466.0,,11.8,-14.27,-2.75,449.5
2026-05-14T09:58:00+05:30,NSE_FO|51312,,,548.96,490.7,23457.4,,13.3,-17.64,1.55,338.5
2026-05-14T09:58:00+05:30,NSE_FO|51308,,,643.88,570.7,23455.9,,13.3,-14.27,-1.13,430.66
2026-05-14T09:59:00+05:30,NSE_FO|51364,,,154.53,119.1,23447.95,,12.9,-13.25,-2.58,482.74
2026-05-14T09:59:00+05:30,NSE_FO|51315,,,59.47,73.45,23447.95,,12.9,-13.25,-2.58,482.74
2026-05-14T09:59:00+05:30,NSE_FO|51323,,,93.02,112.95,23447.95,,12.9,-13.25,-2.58,482.74
2026-05-14T09:59:00+05:30,NSE_FO|51359,,,220.76,270.7,23447.95,,12.9,-13.25,-2.58,482.74
2026-05-14T09:59:00+05:30,NSE_FO|51367,,,279.51,333.65,23447.95,,12.9,-13.25,-2.58,482.74
2026-05-14T09:59:00+05:30,NSE_FO|51346,,,316.4,264.35,23447.95,,12.9,-13.25,-2.58,482.74
2026-05-14T09:59:00+05:30,NSE_FO|51348,,,284.91,235.0,23447.95,,12.9,-13.25,-2.58,482.74
2026-05-14T09:59:00+05:30,NSE_FO|51365,,,248.28,302.05,23447.95,,12.9,-13.25,-2.58,482.74
2026-05-14T09:59:00+05:30,NSE_FO|51355,,,179.56,215.45,23447.95,,12.9,-13.25,-2.58,482.74
2026-05-14T09:59:00+05:30,NSE_FO|51354,,,224.43,182.0,23447.95,,12.9,-13.25,-2.58,482.74
2026-05-14T09:59:00+05:30,NSE_FO|51314,,,507.78,440.0,23447.95,,12.9,-13.25,-2.58,482.74
2026-05-14T09:59:00+05:30,NSE_FO|51382,,,48.61,36.85,23447.95,,12.9,-13.25,-2.58,482.74
2026-05-14T09:59:00+05:30,NSE_FO|51311,,,44.46,54.45,23447.95,,12.9,-13.25,-2.58,482.74
2026-05-14T09:59:00+05:30,NSE_FO|51353,,,160.86,191.1,23447.95,,12.9,-13.25,-2.58,482.74
2026-05-14T09:59:00+05:30,NSE_FO|51352,,,250.87,207.1,23447.95,,12.9,-13.25,-2.58,482.74
2026-05-14T09:59:00+05:30,NSE_FO|51317,,,69.06,85.15,23447.95,,12.9,-13.25,-2.58,482.74
2026-05-14T09:59:00+05:30,NSE_FO|51324,,,353.12,295.0,23447.95,,12.9,-13.25,-2.58,482.74
2026-05-14T09:59:00+05:30,NSE_FO|51358,,,177.27,137.65,23447.95,,12.9,-13.25,-2.58,482.74
2026-05-14T09:59:00+05:30,NSE_FO|51370,,,112.29,86.85,23447.95,,12.9,-13.25,-2.58,482.74
2026-05-14T09:59:00+05:30,NSE_FO|51349,,,138.45,168.55,23447.95,,12.9,-13.25,-2.58,482.74
2026-05-14T09:59:00+05:30,NSE_FO|51347,,,120.91,148.3,23447.95,,12.9,-13.25,-2.58,482.74
2026-05-14T09:59:00+05:30,NSE_FO|51374,,,95.64,73.85,23447.95,,12.9,-13.25,-2.58,482.74
2026-05-14T09:59:00+05:30,NSE_FO|51378,,,69.07,52.15,23447.95,,12.9,-13.25,-2.58,482.74
2026-05-14T09:59:00+05:30,NSE_FO|51366,,,131.17,102.0,23447.95,,12.9,-13.25,-2.58,482.74
2026-05-14T09:59:00+05:30,NSE_FO|51357,,,197.86,242.45,23450.8,,12.9,-13.25,-2.58,482.74
2026-05-14T09:59:00+05:30,NSE_FO|51380,,,58.21,44.05,23450.8,,12.9,-13.25,-2.58,482.74
2026-05-14T09:59:00+05:30,NSE_FO|51356,,,200.2,158.8,23450.8,,12.9,-13.25,-2.58,482.74
2026-05-14T09:59:00+05:30,NSE_FO|51320,,,424.44,365.0,23450.8,,12.9,-13.25,-2.58,482.74
2026-05-14T09:59:00+05:30,NSE_FO|51321,,,79.58,98.2,23450.8,,12.9,-13.25,-2.58,482.74
2026-05-14T09:59:00+05:30,NSE_FO|51313,,,51.6,63.45,23450.8,,12.9,-13.25,-2.58,482.74
2026-05-14T09:59:00+05:30,NSE_FO|51376,,,82.71,62.35,23450.65,,12.9,-13.25,-2.58,482.74
2026-05-14T09:59:00+05:30,NSE_FO|51325,,,104.82,129.5,23450.65,,12.9,-13.25,-2.58,482.74
2026-05-14T09:59:00+05:30,NSE_FO|51309,,,38.25,46.75,23450.65,,12.9,-13.25,-2.58,482.74
2026-05-14T09:59:00+05:30,NSE_FO|51375,,,341.84,406.4,23449.45,,12.9,-13.25,-2.58,482.74
2026-05-14T09:59:00+05:30,NSE_FO|51322,,,391.99,328.85,23449.45,,12.9,-13.25,-2.58,482.74
2026-05-14T09:59:00+05:30,NSE_FO|51310,,,595.2,520.8,23449.4,,12.9,-13.25,-2.58,482.74
2026-05-14T09:59:00+05:30,NSE_FO|51371,,,310.54,369.05,23449.05,,12.9,-13.25,-2.58,482.74
2026-05-14T09:59:00+05:30,NSE_FO|51379,,,414.33,483.95,23449.25,,12.9,-13.25,-2.64,482.66
2026-05-14T09:59:00+05:30,NSE_FO|51316,,,468.2,401.6,23450.25,,12.9,-13.25,-2.64,482.66
2026-05-14T09:59:00+05:30,NSE_FO|51308,,,643.17,564.85,23450.9,,12.9,-13.25,-2.64,482.66
2026-05-14T09:59:00+05:30,NSE_FO|51381,,,453.41,529.0,23449.1,,12.9,-13.25,-2.64,482.66
2026-05-14T09:59:00+05:30,NSE_FO|51383,,,494.56,570.0,23449.1,,12.9,-13.25,-2.64,482.66
2026-05-14T09:59:00+05:30,NSE_FO|51377,,,374.86,444.5,23449.4,,12.9,-13.25,-2.64,482.57
2026-05-14T10:00:00+05:30,NSE_FO|51382,,,48.41,38.05,23464.45,,11.8,-14.27,-3.4,447.51
2026-05-14T10:00:00+05:30,NSE_FO|51376,,,82.37,64.8,23464.45,,11.8,-14.27,-3.4,447.51
2026-05-14T10:00:00+05:30,NSE_FO|51311,,,44.87,52.7,23464.45,,11.8,-14.27,-3.4,447.51
2026-05-14T10:00:00+05:30,NSE_FO|51325,,,105.73,125.15,23464.45,,11.8,-14.27,-3.4,447.51
2026-05-14T10:00:00+05:30,NSE_FO|51364,,,153.95,123.45,23464.45,,11.8,-14.27,-3.4,447.51
2026-05-14T10:00:00+05:30,NSE_FO|51315,,,59.93,71.1,23464.45,,11.8,-14.27,-3.4,447.51
2026-05-14T10:00:00+05:30,NSE_FO|51324,,,351.12,304.85,23464.45,,11.8,-14.27,-3.4,447.51
2026-05-14T10:00:00+05:30,NSE_FO|51359,,,221.61,263.2,23464.45,,11.8,-14.27,-3.4,447.51
2026-05-14T10:00:00+05:30,NSE_FO|51358,,,176.66,143.25,23464.45,,11.8,-14.27,-3.4,447.51
2026-05-14T10:00:00+05:30,NSE_FO|51346,,,314.56,273.1,23464.45,,11.8,-14.27,-3.4,447.51
2026-05-14T10:00:00+05:30,NSE_FO|51365,,,249.35,292.7,23464.45,,11.8,-14.27,-3.4,447.51
2026-05-14T10:00:00+05:30,NSE_FO|51355,,,180.78,209.1,23464.45,,11.8,-14.27,-3.4,447.51
2026-05-14T10:00:00+05:30,NSE_FO|51354,,,223.42,188.7,23464.45,,11.8,-14.27,-3.4,447.51
2026-05-14T10:00:00+05:30,NSE_FO|51313,,,52.08,61.15,23464.45,,11.8,-14.27,-3.4,447.51
2026-05-14T10:00:00+05:30,NSE_FO|51378,,,68.78,54.0,23464.45,,11.8,-14.27,-3.4,447.51
2026-05-14T10:00:00+05:30,NSE_FO|51366,,,130.45,105.75,23464.45,,11.8,-14.27,-3.4,447.51
2026-05-14T10:00:00+05:30,NSE_FO|51323,,,93.9,109.35,23464.45,,11.8,-14.27,-3.4,447.51
2026-05-14T10:00:00+05:30,NSE_FO|51356,,,199.67,164.65,23466.1,,11.8,-14.27,-3.4,447.51
2026-05-14T10:00:00+05:30,NSE_FO|51348,,,283.17,243.4,23466.1,,11.8,-14.27,-3.4,447.51
2026-05-14T10:00:00+05:30,NSE_FO|51321,,,80.3,95.15,23466.1,,11.8,-14.27,-3.4,447.51
2026-05-14T10:00:00+05:30,NSE_FO|51353,,,162.49,185.15,23466.1,,11.8,-14.27,-3.4,447.51
2026-05-14T10:00:00+05:30,NSE_FO|51352,,,248.8,214.65,23466.1,,11.8,-14.27,-3.4,447.51
2026-05-14T10:00:00+05:30,NSE_FO|51317,,,69.71,82.25,23466.1,,11.8,-14.27,-3.4,447.51
2026-05-14T10:00:00+05:30,NSE_FO|51357,,,198.71,235.0,23466.1,,11.8,-14.27,-3.4,447.51
2026-05-14T10:00:00+05:30,NSE_FO|51370,,,111.61,90.15,23466.1,,11.8,-14.27,-3.4,447.51
2026-05-14T10:00:00+05:30,NSE_FO|51349,,,139.68,163.25,23466.1,,11.8,-14.27,-3.4,447.51
2026-05-14T10:00:00+05:30,NSE_FO|51374,,,95.22,76.45,23466.1,,11.8,-14.27,-3.4,447.51
2026-05-14T10:00:00+05:30,NSE_FO|51309,,,38.55,45.25,23466.1,,11.8,-14.27,-3.4,447.51
2026-05-14T10:00:00+05:30,NSE_FO|51322,,,389.28,339.15,23465.3,,11.8,-14.27,-3.4,447.51
2026-05-14T10:00:00+05:30,NSE_FO|51371,,,311.62,359.55,23465.3,,11.8,-14.27,-3.4,447.51
2026-05-14T10:00:00+05:30,NSE_FO|51320,,,421.62,375.25,23465.3,,11.8,-14.27,-3.4,447.51
2026-05-14T10:00:00+05:30,NSE_FO|51379,,,415.64,472.55,23465.65,,11.8,-14.27,-3.4,447.51
2026-05-14T10:00:00+05:30,NSE_FO|51380,,,57.95,45.45,23465.65,,11.8,-14.27,-3.4,447.51
2026-05-14T10:00:00+05:30,NSE_FO|51383,,,496.0,555.15,23465.65,,11.8,-14.27,-3.4,447.51
2026-05-14T10:00:00+05:30,NSE_FO|51367,,,280.87,324.15,23465.7,,11.8,-14.27,-3.4,447.51
2026-05-14T10:00:00+05:30,NSE_FO|51347,,,121.79,142.65,23466.15,,11.8,-14.27,-3.4,447.51
2026-05-14T10:00:00+05:30,NSE_FO|51375,,,343.0,394.0,23466.15,,11.8,-14.27,-3.4,447.51
2026-05-14T10:00:00+05:30,NSE_FO|51314,,,504.43,452.35,23465.95,,13.4,-13.89,-4.12,447.45
2026-05-14T10:00:00+05:30,NSE_FO|51377,,,375.97,431.7,23465.65,,13.4,-13.89,-4.12,447.45
2026-05-14T10:00:00+05:30,NSE_FO|51310,,,593.24,531.15,23464.25,,13.4,-13.89,-4.12,447.43
2026-05-14T10:00:00+05:30,NSE_FO|51316,,,464.43,408.75,23461.65,,16.1,-15.93,1.35,385.91
2026-05-14T10:00:00+05:30,NSE_FO|51381,,,456.17,515.35,23462.4,,16.1,-15.93,1.35,385.94
2026-05-14T09:59:00+05:30,NSE_FO|51312,,,548.63,495.6,23466.9,,13.4,-13.89,-4.12,446.5
2026-05-14T10:01:00+05:30,NSE_FO|51325,,,106.12,127.3,23455.45,,16.1,-15.93,1.35,386.07
2026-05-14T10:01:00+05:30,NSE_FO|51364,,,153.63,122.0,23455.45,,16.1,-15.93,1.35,386.07
2026-05-14T10:01:00+05:30,NSE_FO|51315,,,60.16,72.35,23455.45,,16.1,-15.93,1.35,386.07
2026-05-14T10:01:00+05:30,NSE_FO|51323,,,94.15,111.2,23455.45,,16.1,-15.93,1.35,386.07
2026-05-14T10:01:00+05:30,NSE_FO|51359,,,221.96,266.95,23455.45,,16.1,-15.93,1.35,386.07
2026-05-14T10:01:00+05:30,NSE_FO|51356,,,199.32,162.65,23455.45,,16.1,-15.93,1.35,386.07
2026-05-14T10:01:00+05:30,NSE_FO|51367,,,281.81,329.0,23455.45,,16.1,-15.93,1.35,386.07
2026-05-14T10:01:00+05:30,NSE_FO|51348,,,282.04,240.3,23455.45,,16.1,-15.93,1.35,386.07
2026-05-14T10:01:00+05:30,NSE_FO|51355,,,181.26,212.35,23455.45,,16.1,-15.93,1.35,386.07
2026-05-14T10:01:00+05:30,NSE_FO|51354,,,222.84,186.4,23455.45,,16.1,-15.93,1.35,386.07
2026-05-14T10:01:00+05:30,NSE_FO|51321,,,80.6,96.6,23455.45,,16.1,-15.93,1.35,386.07
2026-05-14T10:01:00+05:30,NSE_FO|51382,,,48.24,37.7,23455.45,,16.1,-15.93,1.35,386.07
2026-05-14T10:01:00+05:30,NSE_FO|51311,,,44.99,53.6,23455.45,,16.1,-15.93,1.35,386.07
2026-05-14T10:01:00+05:30,NSE_FO|51353,,,163.24,188.3,23455.45,,16.1,-15.93,1.35,386.07
2026-05-14T10:01:00+05:30,NSE_FO|51352,,,247.04,212.05,23455.45,,16.1,-15.93,1.35,386.07
2026-05-14T10:01:00+05:30,NSE_FO|51317,,,70.1,83.8,23455.45,,16.1,-15.93,1.35,386.07
2026-05-14T10:01:00+05:30,NSE_FO|51324,,,349.76,301.6,23455.45,,16.1,-15.93,1.35,386.07
2026-05-14T10:01:00+05:30,NSE_FO|51358,,,176.34,141.2,23455.45,,16.1,-15.93,1.35,386.07
2026-05-14T10:01:00+05:30,NSE_FO|51370,,,111.29,88.95,23455.45,,16.1,-15.93,1.35,386.07
2026-05-14T10:01:00+05:30,NSE_FO|51349,,,140.3,165.65,23455.45,,16.1,-15.93,1.35,386.07
2026-05-14T10:01:00+05:30,NSE_FO|51374,,,94.99,75.6,23455.45,,16.1,-15.93,1.35,386.07
2026-05-14T10:01:00+05:30,NSE_FO|51357,,,199.06,238.1,23455.45,,16.1,-15.93,1.35,386.07
2026-05-14T10:01:00+05:30,NSE_FO|51378,,,68.6,53.4,23455.45,,16.1,-15.93,1.35,386.07
2026-05-14T10:01:00+05:30,NSE_FO|51347,,,122.14,145.5,23455.45,,16.1,-15.93,1.35,386.07
2026-05-14T10:01:00+05:30,NSE_FO|51313,,,52.25,62.55,23457.8,,16.1,-15.93,1.35,386.07
2026-05-14T10:01:00+05:30,NSE_FO|51365,,,249.68,297.5,23457.0,,16.1,-15.93,1.35,386.07
2026-05-14T10:01:00+05:30,NSE_FO|51376,,,82.22,63.8,23457.0,,16.1,-15.93,1.35,386.07
2026-05-14T10:01:00+05:30,NSE_FO|51310,,,592.2,528.0,23457.0,,16.1,-15.93,1.35,386.07
2026-05-14T10:01:00+05:30,NSE_FO|51383,,,496.65,561.1,23457.0,,13.9,-14.04,-3.54,428.27
2026-05-14T10:01:00+05:30,NSE_FO|51380,,,57.6,45.0,23456.95,,13.9,-14.04,-3.54,428.27
2026-05-14T10:01:00+05:30,NSE_FO|51320,,,421.04,370.2,23456.95,,13.9,-14.04,-3.54,428.27
2026-05-14T10:01:00+05:30,NSE_FO|51366,,,130.14,104.6,23456.9,,13.9,-14.04,-3.54,428.27
2026-05-14T10:01:00+05:30,NSE_FO|51346,,,313.32,269.9,23457.7,,13.9,-14.04,-3.54,428.27
2026-05-14T10:01:00+05:30,NSE_FO|51371,,,311.9,364.3,23457.7,,13.9,-14.04,-3.54,428.27
2026-05-14T10:01:00+05:30,NSE_FO|51377,,,376.41,438.8,23457.7,,13.9,-14.04,-3.54,428.27
2026-05-14T10:01:00+05:30,NSE_FO|51309,,,38.73,46.0,23456.8,,13.9,-14.04,-3.54,428.27
2026-05-14T10:01:00+05:30,NSE_FO|51314,,,503.77,446.1,23456.8,,13.9,-14.04,-3.54,428.27
2026-05-14T10:01:00+05:30,NSE_FO|51322,,,388.26,335.25,23456.95,,13.9,-14.04,-3.54,428.27
2026-05-14T10:01:00+05:30,NSE_FO|51381,,,456.62,518.35,23457.1,,13.9,-14.04,-3.54,428.27
2026-05-14T10:01:00+05:30,NSE_FO|51375,,,343.41,398.9,23458.45,,13.8,-17.56,1.84,339.63
2026-05-14T10:01:00+05:30,NSE_FO|51316,,,464.18,410.65,23457.5,,13.8,-17.56,1.84,339.63
2026-05-14T10:01:00+05:30,NSE_FO|51379,,,416.58,474.65,23458.9,,13.4,-13.89,-4.87,445.98
2026-05-14T10:01:00+05:30,NSE_FO|51312,,,546.48,497.4,23465.2,,13.4,-13.89,-4.87,445.72
2026-05-14T10:00:00+05:30,NSE_FO|51308,,,638.91,584.35,23466.95,,15.7,-15.25,-0.1,404.04
2026-05-14T10:02:00+05:30,NSE_FO|51374,,,94.83,78.35,23470.55,,13.4,-13.89,-4.87,445.33
2026-05-14T10:02:00+05:30,NSE_FO|51325,,,106.36,122.05,23470.55,,13.4,-13.89,-4.87,445.33
2026-05-14T10:02:00+05:30,NSE_FO|51364,,,153.43,126.1,23470.55,,13.4,-13.89,-4.87,445.33
2026-05-14T10:02:00+05:30,NSE_FO|51315,,,60.27,69.05,23470.55,,13.4,-13.89,-4.87,445.33
2026-05-14T10:02:00+05:30,NSE_FO|51323,,,94.28,106.35,23470.55,,13.4,-13.89,-4.87,445.33
2026-05-14T10:02:00+05:30,NSE_FO|51359,,,222.16,257.25,23470.55,,13.4,-13.89,-4.87,445.33
2026-05-14T10:02:00+05:30,NSE_FO|51348,,,281.35,247.05,23470.55,,13.4,-13.89,-4.87,445.33
2026-05-14T10:02:00+05:30,NSE_FO|51365,,,249.85,287.7,23470.55,,13.4,-13.89,-4.87,445.33
2026-05-14T10:02:00+05:30,NSE_FO|51355,,,181.55,204.25,23470.55,,13.4,-13.89,-4.87,445.33
2026-05-14T10:02:00+05:30,NSE_FO|51354,,,222.41,192.8,23470.55,,13.4,-13.89,-4.87,445.33
2026-05-14T10:02:00+05:30,NSE_FO|51382,,,48.12,39.15,23470.55,,13.4,-13.89,-4.87,445.33
2026-05-14T10:02:00+05:30,NSE_FO|51309,,,38.8,44.05,23470.55,,13.4,-13.89,-4.87,445.33
2026-05-14T10:02:00+05:30,NSE_FO|51353,,,163.65,180.5,23470.55,,13.4,-13.89,-4.87,445.33
2026-05-14T10:02:00+05:30,NSE_FO|51352,,,246.04,218.45,23470.55,,13.4,-13.89,-4.87,445.33
2026-05-14T10:02:00+05:30,NSE_FO|51317,,,70.25,80.1,23470.55,,13.4,-13.89,-4.87,445.33
2026-05-14T10:02:00+05:30,NSE_FO|51380,,,57.51,46.65,23470.55,,13.4,-13.89,-4.87,445.33
2026-05-14T10:02:00+05:30,NSE_FO|51358,,,176.13,146.5,23470.55,,13.4,-13.89,-4.87,445.33
2026-05-14T10:02:00+05:30,NSE_FO|51370,,,111.02,92.3,23470.55,,13.4,-13.89,-4.87,445.33
2026-05-14T10:02:00+05:30,NSE_FO|51349,,,140.63,159.25,23470.55,,13.4,-13.89,-4.87,445.33
2026-05-14T10:02:00+05:30,NSE_FO|51313,,,52.35,59.65,23470.55,,13.4,-13.89,-4.87,445.33
2026-05-14T10:02:00+05:30,NSE_FO|51311,,,45.09,51.3,23470.55,,13.4,-13.89,-4.87,445.33
2026-05-14T10:02:00+05:30,NSE_FO|51378,,,68.46,55.55,23470.55,,13.4,-13.89,-4.87,445.33
2026-05-14T10:02:00+05:30,NSE_FO|51366,,,129.92,108.1,23470.55,,13.4,-13.89,-4.87,445.33
2026-05-14T10:02:00+05:30,NSE_FO|51310,,,591.37,538.65,23470.55,,13.4,-13.89,-4.87,445.33
2026-05-14T10:02:00+05:30,NSE_FO|51357,,,199.26,230.0,23471.6,,13.4,-13.89,-4.87,445.33
2026-05-14T10:02:00+05:30,NSE_FO|51356,,,199.12,168.3,23471.6,,13.4,-13.89,-4.87,445.33
2026-05-14T10:02:00+05:30,NSE_FO|51367,,,282.06,318.85,23471.6,,13.4,-13.89,-4.87,445.33
2026-05-14T10:02:00+05:30,NSE_FO|51346,,,312.84,277.35,23471.6,,13.4,-13.89,-4.87,445.33
2026-05-14T10:02:00+05:30,NSE_FO|51321,,,80.77,92.5,23471.6,,13.4,-13.89,-4.87,445.33
2026-05-14T10:02:00+05:30,NSE_FO|51347,,,122.37,139.45,23471.6,,13.4,-13.89,-4.87,445.33
2026-05-14T10:02:00+05:30,NSE_FO|51376,,,82.03,66.4,23471.55,,13.4,-13.89,-4.87,445.33
2026-05-14T10:02:00+05:30,NSE_FO|51322,,,387.97,344.0,23471.55,,13.4,-13.89,-4.87,445.33
2026-05-14T10:02:00+05:30,NSE_FO|51324,,,348.95,310.0,23471.55,,13.4,-13.89,-4.87,445.33
2026-05-14T10:02:00+05:30,NSE_FO|51375,,,343.89,388.0,23471.55,,13.4,-13.89,-5.16,445.3
2026-05-14T10:02:00+05:30,NSE_FO|51379,,,416.7,465.4,23471.55,,13.4,-13.89,-5.16,445.3
2026-05-14T10:02:00+05:30,NSE_FO|51383,,,497.06,549.75,23471.2,,13.4,-13.89,-5.16,445.3
2026-05-14T10:02:00+05:30,NSE_FO|51320,,,420.76,381.0,23471.25,,13.4,-13.89,-5.16,445.3
2026-05-14T10:02:00+05:30,NSE_FO|51314,,,503.26,458.0,23471.25,,13.4,-13.89,-5.16,445.3
2026-05-14T10:02:00+05:30,NSE_FO|51371,,,312.29,352.0,23472.75,,13.4,-13.89,-5.16,445.3
2026-05-14T10:02:00+05:30,NSE_FO|51377,,,376.69,425.0,23472.75,,13.4,-13.89,-5.16,445.3
2026-05-14T10:02:00+05:30,NSE_FO|51316,,,463.99,420.25,23472.75,,13.4,-13.89,-5.16,445.3
2026-05-14T10:02:00+05:30,NSE_FO|51308,,,638.41,587.55,23474.5,,13.4,-13.89,-5.16,445.09
2026-05-14T10:02:00+05:30,NSE_FO|51381,,,457.13,502.4,23475.0,,13.4,-13.89,-5.16,445.09
2026-05-14T10:02:00+05:30,NSE_FO|51312,,,545.95,504.2,23476.65,,16.6,-12.35,-3.13,503.05
2026-05-14T10:03:00+05:30,NSE_FO|51364,,,153.02,129.75,23489.4,,15.7,-18.8,1.75,316.64
2026-05-14T10:03:00+05:30,NSE_FO|51315,,,60.4,65.35,23489.4,,15.7,-18.8,1.75,316.64
2026-05-14T10:03:00+05:30,NSE_FO|51323,,,94.5,100.75,23489.4,,15.7,-18.8,1.75,316.64
2026-05-14T10:03:00+05:30,NSE_FO|51371,,,312.58,340.65,23489.4,,15.7,-18.8,1.75,316.64
2026-05-14T10:03:00+05:30,NSE_FO|51348,,,280.13,254.8,23489.4,,15.7,-18.8,1.75,316.64
2026-05-14T10:03:00+05:30,NSE_FO|51365,,,250.17,276.3,23489.4,,15.7,-18.8,1.75,316.64
2026-05-14T10:03:00+05:30,NSE_FO|51355,,,181.87,194.5,23489.4,,15.7,-18.8,1.75,316.64
2026-05-14T10:03:00+05:30,NSE_FO|51354,,,221.54,197.95,23489.4,,15.7,-18.8,1.75,316.64
2026-05-14T10:03:00+05:30,NSE_FO|51382,,,47.93,39.9,23489.4,,15.7,-18.8,1.75,316.64
2026-05-14T10:03:00+05:30,NSE_FO|51376,,,81.77,67.95,23489.4,,15.7,-18.8,1.75,316.64
2026-05-14T10:03:00+05:30,NSE_FO|51311,,,45.2,48.4,23489.4,,15.7,-18.8,1.75,316.64
2026-05-14T10:03:00+05:30,NSE_FO|51322,,,387.11,354.3,23489.4,,15.7,-18.8,1.75,316.64
2026-05-14T10:03:00+05:30,NSE_FO|51352,,,244.75,225.4,23489.4,,15.7,-18.8,1.75,316.64
2026-05-14T10:03:00+05:30,NSE_FO|51317,,,70.41,75.65,23489.4,,15.7,-18.8,1.75,316.64
2026-05-14T10:03:00+05:30,NSE_FO|51324,,,347.25,318.9,23489.4,,15.7,-18.8,1.75,316.64
2026-05-14T10:03:00+05:30,NSE_FO|51380,,,57.33,47.5,23489.4,,15.7,-18.8,1.75,316.64
2026-05-14T10:03:00+05:30,NSE_FO|51358,,,175.64,150.7,23489.4,,15.7,-18.8,1.75,316.64
2026-05-14T10:03:00+05:30,NSE_FO|51370,,,110.67,95.0,23489.4,,15.7,-18.8,1.75,316.64
2026-05-14T10:03:00+05:30,NSE_FO|51349,,,141.0,151.6,23489.4,,15.7,-18.8,1.75,316.64
2026-05-14T10:03:00+05:30,NSE_FO|51374,,,94.57,80.4,23489.4,,15.7,-18.8,1.75,316.64
2026-05-14T10:03:00+05:30,NSE_FO|51378,,,68.3,56.7,23489.4,,15.7,-18.8,1.75,316.64
2026-05-14T10:03:00+05:30,NSE_FO|51366,,,129.52,111.2,23489.4,,15.7,-18.8,1.75,316.64
2026-05-14T10:03:00+05:30,NSE_FO|51357,,,199.52,219.5,23490.8,,15.7,-18.8,1.75,316.64
2026-05-14T10:03:00+05:30,NSE_FO|51356,,,198.71,173.4,23490.8,,15.7,-18.8,1.75,316.64
2026-05-14T10:03:00+05:30,NSE_FO|51367,,,282.38,306.3,23490.8,,15.7,-18.8,1.75,316.64
2026-05-14T10:03:00+05:30,NSE_FO|51346,,,311.57,285.35,23490.8,,15.7,-18.8,1.75,316.64
2026-05-14T10:03:00+05:30,NSE_FO|51321,,,80.96,87.6,23490.8,,15.7,-18.8,1.75,316.64
2026-05-14T10:03:00+05:30,NSE_FO|51347,,,122.63,132.5,23490.8,,15.7,-18.8,1.75,316.64
2026-05-14T10:03:00+05:30,NSE_FO|51316,,,463.12,427.85,23490.8,,15.7,-18.8,1.75,316.64
2026-05-14T10:03:00+05:30,NSE_FO|51313,,,52.44,56.35,23490.1,,15.7,-18.8,1.75,316.64
2026-05-14T10:03:00+05:30,NSE_FO|51309,,,38.89,41.75,23490.1,,15.7,-18.8,1.75,316.64
2026-05-14T10:03:00+05:30,NSE_FO|51325,,,106.6,115.7,23490.1,,15.7,-18.8,1.75,316.64
2026-05-14T10:03:00+05:30,NSE_FO|51377,,,377.17,412.75,23490.1,,15.7,-18.8,1.75,316.64
2026-05-14T10:03:00+05:30,NSE_FO|51320,,,419.54,390.85,23489.8,,15.7,-18.8,1.75,316.64
2026-05-14T10:03:00+05:30,NSE_FO|51375,,,344.43,376.0,23489.8,,15.7,-18.8,1.75,316.64
2026-05-14T10:03:00+05:30,NSE_FO|51353,,,164.05,172.3,23489.8,,15.7,-18.8,1.75,316.64
2026-05-14T10:03:00+05:30,NSE_FO|51359,,,222.48,246.65,23489.85,,15.7,-18.8,1.75,316.64
2026-05-14T10:03:00+05:30,NSE_FO|51383,,,497.5,535.4,23490.2,,15.7,-18.8,1.75,316.64
2026-05-14T10:03:00+05:30,NSE_FO|51379,,,417.25,452.95,23490.1,,15.7,-18.8,1.75,316.64
2026-05-14T10:03:00+05:30,NSE_FO|51308,,,634.6,593.6,23488.4,,15.7,-18.8,1.22,316.65
2026-05-14T10:03:00+05:30,NSE_FO|51310,,,589.44,547.5,23487.25,,15.7,-18.8,1.22,316.65
2026-05-14T10:03:00+05:30,NSE_FO|51381,,,457.61,496.65,23483.85,,15.7,-15.25,-0.78,403.35
2026-05-14T10:03:00+05:30,NSE_FO|51314,,,501.67,465.65,23484.5,,15.7,-15.25,-0.78,403.35
2026-05-14T10:03:00+05:30,NSE_FO|51312,,,544.66,506.3,23486.85,,15.7,-15.25,-0.78,403.35
2026-05-14T10:04:00+05:30,NSE_FO|51364,,,152.69,129.15,23485.85,,12.8,-17.34,2.16,362.59
2026-05-14T10:04:00+05:30,NSE_FO|51323,,,94.58,101.45,23485.85,,12.8,-17.34,2.16,362.59
2026-05-14T10:04:00+05:30,NSE_FO|51346,,,311.01,284.0,23485.85,,12.8,-17.34,2.16,362.59
2026-05-14T10:04:00+05:30,NSE_FO|51348,,,279.44,253.25,23485.85,,12.8,-17.34,2.16,362.59
2026-05-14T10:04:00+05:30,NSE_FO|51365,,,250.36,277.45,23485.85,,12.8,-17.34,2.16,362.59
2026-05-14T10:04:00+05:30,NSE_FO|51355,,,182.06,196.2,23485.85,,12.8,-17.34,2.16,362.59
2026-05-14T10:04:00+05:30,NSE_FO|51354,,,220.95,197.15,23485.85,,12.8,-17.34,2.16,362.59
2026-05-14T10:04:00+05:30,NSE_FO|51382,,,47.82,39.5,23485.85,,12.8,-17.34,2.16,362.59
2026-05-14T10:04:00+05:30,NSE_FO|51353,,,164.2,173.55,23485.85,,12.8,-17.34,2.16,362.59
2026-05-14T10:04:00+05:30,NSE_FO|51352,,,243.92,224.0,23485.85,,12.8,-17.34,2.16,362.59
2026-05-14T10:04:00+05:30,NSE_FO|51358,,,175.27,149.5,23485.85,,12.8,-17.34,2.16,362.59
2026-05-14T10:04:00+05:30,NSE_FO|51370,,,110.37,94.05,23485.85,,12.8,-17.34,2.16,362.59
2026-05-14T10:04:00+05:30,NSE_FO|51349,,,141.17,152.75,23485.85,,12.8,-17.34,2.16,362.59
2026-05-14T10:04:00+05:30,NSE_FO|51313,,,52.48,56.8,23485.85,,12.8,-17.34,2.16,362.59
2026-05-14T10:04:00+05:30,NSE_FO|51311,,,45.24,48.7,23485.85,,12.8,-17.34,2.16,362.59
2026-05-14T10:04:00+05:30,NSE_FO|51378,,,68.15,56.25,23485.85,,12.8,-17.34,2.16,362.59
2026-05-14T10:04:00+05:30,NSE_FO|51366,,,129.2,110.6,23485.85,,12.8,-17.34,2.16,362.59
2026-05-14T10:04:00+05:30,NSE_FO|51371,,,312.85,343.0,23487.35,,12.8,-17.34,2.16,362.59
2026-05-14T10:04:00+05:30,NSE_FO|51357,,,199.65,221.05,23487.35,,12.8,-17.34,2.16,362.59
2026-05-14T10:04:00+05:30,NSE_FO|51356,,,198.38,172.3,23487.35,,12.8,-17.34,2.16,362.59
2026-05-14T10:04:00+05:30,NSE_FO|51367,,,282.61,309.0,23487.35,,12.8,-17.34,2.16,362.59
2026-05-14T10:04:00+05:30,NSE_FO|51383,,,497.79,537.55,23487.35,,12.8,-17.34,2.16,362.59
2026-05-14T10:04:00+05:30,NSE_FO|51321,,,81.06,88.35,23487.35,,12.8,-17.34,2.16,362.59
2026-05-14T10:04:00+05:30,NSE_FO|51347,,,122.74,133.55,23487.35,,12.8,-17.34,2.16,362.59
2026-05-14T10:04:00+05:30,NSE_FO|51320,,,418.99,388.6,23487.35,,12.8,-17.34,2.16,362.59
2026-05-14T10:04:00+05:30,NSE_FO|51379,,,417.58,455.0,23487.35,,12.8,-17.34,2.16,362.59
2026-05-14T10:04:00+05:30,NSE_FO|51317,,,70.5,76.25,23486.15,,12.8,-17.34,2.16,362.59
2026-05-14T10:04:00+05:30,NSE_FO|51309,,,38.92,41.8,23486.15,,12.8,-17.34,2.16,362.59
2026-05-14T10:04:00+05:30,NSE_FO|51325,,,106.74,116.35,23486.15,,12.8,-17.34,2.16,362.59
2026-05-14T10:04:00+05:30,NSE_FO|51324,,,346.48,316.3,23485.9,,12.8,-17.34,2.16,362.59
2026-05-14T10:04:00+05:30,NSE_FO|51376,,,81.6,67.45,23485.9,,12.8,-17.34,2.16,362.59
2026-05-14T10:04:00+05:30,NSE_FO|51315,,,60.47,65.75,23485.9,,12.8,-17.34,2.16,362.59
2026-05-14T10:04:00+05:30,NSE_FO|51374,,,94.36,80.0,23486.1,,12.8,-17.34,2.16,362.59
2026-05-14T10:04:00+05:30,NSE_FO|51359,,,222.66,248.3,23486.1,,12.8,-17.34,1.52,362.58
2026-05-14T10:04:00+05:30,NSE_FO|51380,,,57.23,47.3,23486.1,,12.8,-17.34,1.52,362.58
2026-05-14T10:04:00+05:30,NSE_FO|51322,,,386.43,352.15,23486.85,,12.8,-17.34,1.52,362.58
2026-05-14T10:04:00+05:30,NSE_FO|51375,,,344.7,377.2,23486.85,,12.8,-17.34,1.52,362.58
2026-05-14T10:04:00+05:30,NSE_FO|51310,,,588.66,549.5,23486.65,,12.8,-17.34,1.52,362.58
2026-05-14T10:04:00+05:30,NSE_FO|51381,,,458.22,499.35,23484.1,,12.8,-17.34,1.52,362.57
2026-05-14T10:04:00+05:30,NSE_FO|51314,,,501.14,465.35,23483.95,,12.8,-17.34,1.52,362.57
2026-05-14T10:04:00+05:30,NSE_FO|51377,,,377.72,415.95,23482.4,,15.7,-15.25,-0.98,402.97
2026-05-14T10:04:00+05:30,NSE_FO|51316,,,462.07,425.7,23481.45,,13.4,-13.89,-5.16,443.45
2026-05-14T10:05:00+05:30,NSE_FO|51313,,,52.51,57.2,23482.55,,15.7,-15.25,-0.98,402.79
2026-05-14T10:05:00+05:30,NSE_FO|51323,,,94.65,102.75,23482.55,,15.7,-15.25,-0.98,402.79
2026-05-14T10:05:00+05:30,NSE_FO|51348,,,278.96,251.75,23482.55,,15.7,-15.25,-0.98,402.79
2026-05-14T10:05:00+05:30,NSE_FO|51354,,,220.59,195.95,23482.55,,15.7,-15.25,-0.98,402.79
2026-05-14T10:05:00+05:30,NSE_FO|51355,,,182.21,198.0,23482.55,,15.7,-15.25,-0.98,402.79
2026-05-14T10:05:00+05:30,NSE_FO|51382,,,47.74,39.4,23482.55,,15.7,-15.25,-0.98,402.79
2026-05-14T10:05:00+05:30,NSE_FO|51352,,,243.57,222.5,23482.55,,15.7,-15.25,-0.98,402.79
2026-05-14T10:05:00+05:30,NSE_FO|51380,,,57.13,47.05,23482.55,,15.7,-15.25,-0.98,402.79
2026-05-14T10:05:00+05:30,NSE_FO|51358,,,175.02,148.65,23482.55,,15.7,-15.25,-0.98,402.79
2026-05-14T10:05:00+05:30,NSE_FO|51349,,,141.4,154.1,23482.55,,15.7,-15.25,-0.98,402.79
2026-05-14T10:05:00+05:30,NSE_FO|51374,,,94.23,79.4,23482.55,,15.7,-15.25,-0.98,402.79
2026-05-14T10:05:00+05:30,NSE_FO|51311,,,45.28,49.25,23482.55,,15.7,-15.25,-0.98,402.79
2026-05-14T10:05:00+05:30,NSE_FO|51378,,,68.04,55.95,23482.55,,15.7,-15.25,-0.98,402.79
2026-05-14T10:05:00+05:30,NSE_FO|51353,,,164.35,175.0,23482.55,,15.7,-15.25,-0.98,402.79
2026-05-14T10:05:00+05:30,NSE_FO|51366,,,129.03,109.9,23482.55,,15.7,-15.25,-0.98,402.79
2026-05-14T10:05:00+05:30,NSE_FO|51317,,,70.58,77.05,23482.55,,15.7,-15.25,-0.98,402.79
2026-05-14T10:05:00+05:30,NSE_FO|51357,,,199.75,223.6,23483.8,,15.7,-15.25,-0.98,402.79
2026-05-14T10:05:00+05:30,NSE_FO|51367,,,282.77,311.4,23483.8,,15.7,-15.25,-0.98,402.79
2026-05-14T10:05:00+05:30,NSE_FO|51370,,,110.21,93.55,23483.8,,15.7,-15.25,-0.98,402.79
2026-05-14T10:05:00+05:30,NSE_FO|51356,,,198.21,171.25,23483.8,,15.7,-15.25,-0.98,402.79
2026-05-14T10:05:00+05:30,NSE_FO|51346,,,310.7,281.7,23483.8,,15.7,-15.25,-0.98,402.79
2026-05-14T10:05:00+05:30,NSE_FO|51321,,,81.12,89.0,23483.8,,15.7,-15.25,-0.98,402.79
2026-05-14T10:05:00+05:30,NSE_FO|51347,,,122.86,135.0,23483.8,,15.7,-15.25,-0.98,402.79
2026-05-14T10:05:00+05:30,NSE_FO|51322,,,385.82,348.95,23483.8,,15.7,-15.25,-0.98,402.79
2026-05-14T10:05:00+05:30,NSE_FO|51365,,,250.48,280.75,23483.8,,15.7,-15.25,-0.98,402.79
2026-05-14T10:05:00+05:30,NSE_FO|51320,,,418.63,386.0,23483.8,,15.7,-15.25,-0.98,402.79
2026-05-14T10:05:00+05:30,NSE_FO|51376,,,81.51,67.05,23483.35,,15.7,-15.25,-0.98,402.79
2026-05-14T10:05:00+05:30,NSE_FO|51364,,,152.54,127.85,23483.35,,15.7,-15.25,-0.98,402.79
2026-05-14T10:05:00+05:30,NSE_FO|51325,,,106.84,117.45,23483.35,,15.7,-15.25,-0.98,402.79
2026-05-14T10:05:00+05:30,NSE_FO|51375,,,344.94,380.15,23483.35,,15.7,-15.25,-0.98,402.79
2026-05-14T10:05:00+05:30,NSE_FO|51309,,,38.95,42.3,23483.35,,15.7,-15.25,-0.98,402.79
2026-05-14T10:05:00+05:30,NSE_FO|51324,,,346.15,315.0,23483.4,,15.7,-15.25,-0.98,402.79
2026-05-14T10:05:00+05:30,NSE_FO|51315,,,60.51,66.15,23483.4,,15.7,-15.25,-0.98,402.79
2026-05-14T10:05:00+05:30,NSE_FO|51359,,,222.78,249.3,23483.4,,15.7,-15.25,-0.98,402.79
2026-05-14T10:05:00+05:30,NSE_FO|51371,,,313.03,343.9,23484.1,,15.7,-15.25,-0.98,402.79
2026-05-14T10:05:00+05:30,NSE_FO|51377,,,377.94,415.75,23484.1,,15.7,-15.25,-0.98,402.79
2026-05-14T10:05:00+05:30,NSE_FO|51314,,,500.76,466.0,23484.4,,15.7,-15.25,-0.98,402.79
2026-05-14T10:05:00+05:30,NSE_FO|51383,,,498.04,537.0,23482.95,,12.3,-18.01,0.4,362.56
2026-05-14T10:05:00+05:30,NSE_FO|51379,,,417.83,454.3,23483.4,,12.3,-18.01,0.4,362.56
2026-05-14T10:05:00+05:30,NSE_FO|51316,,,461.98,428.4,23483.9,,12.3,-18.01,0.4,362.55
2026-05-14T10:05:00+05:30,NSE_FO|51310,,,588.45,552.95,23488.55,,15.0,-19.7,0.08,316.41
2026-05-14T10:04:00+05:30,NSE_FO|51308,,,633.21,599.35,23489.0,,14.8,-14.28,-4.06,466.3
2026-05-14T10:04:00+05:30,NSE_FO|51312,,,543.21,513.0,23489.0,,14.8,-14.28,-4.06,466.29
2026-05-14T10:05:00+05:30,NSE_FO|51381,,,458.43,496.0,23486.15,,12.3,-18.01,0.4,362.53
2026-05-14T10:06:00+05:30,NSE_FO|51382,,,47.65,40.1,23483.8,,12.3,-18.01,0.4,362.54
2026-05-14T10:06:00+05:30,NSE_FO|51352,,,243.26,224.05,23483.8,,12.3,-18.01,0.4,362.54
2026-05-14T10:06:00+05:30,NSE_FO|51315,,,60.55,67.25,23483.8,,12.3,-18.01,0.4,362.54
2026-05-14T10:06:00+05:30,NSE_FO|51355,,,182.32,199.7,23483.8,,12.3,-18.01,0.4,362.54
2026-05-14T10:06:00+05:30,NSE_FO|51354,,,220.3,196.8,23483.8,,12.3,-18.01,0.4,362.54
2026-05-14T10:06:00+05:30,NSE_FO|51349,,,141.57,155.55,23483.8,,12.3,-18.01,0.4,362.54
2026-05-14T10:06:00+05:30,NSE_FO|51374,,,94.12,80.3,23483.8,,12.3,-18.01,0.4,362.54
2026-05-14T10:06:00+05:30,NSE_FO|51359,,,222.88,252.0,23484.95,,12.3,-18.01,0.4,362.54
2026-05-14T10:06:00+05:30,NSE_FO|51356,,,198.07,172.3,23484.95,,12.3,-18.01,0.4,362.54
2026-05-14T10:06:00+05:30,NSE_FO|51367,,,282.88,312.2,23484.95,,12.3,-18.01,0.4,362.54
2026-05-14T10:06:00+05:30,NSE_FO|51321,,,81.16,90.3,23484.95,,12.3,-18.01,0.4,362.54
2026-05-14T10:06:00+05:30,NSE_FO|51311,,,45.29,50.15,23484.95,,12.3,-18.01,0.4,362.54
2026-05-14T10:06:00+05:30,NSE_FO|51353,,,164.47,176.55,23484.95,,12.3,-18.01,0.4,362.54
2026-05-14T10:06:00+05:30,NSE_FO|51357,,,199.83,224.7,23484.95,,12.3,-18.01,0.4,362.54
2026-05-14T10:06:00+05:30,NSE_FO|51358,,,174.81,149.9,23484.95,,12.3,-18.01,0.4,362.54
2026-05-14T10:06:00+05:30,NSE_FO|51370,,,110.08,94.8,23484.95,,12.3,-18.01,0.4,362.54
2026-05-14T10:06:00+05:30,NSE_FO|51313,,,52.53,58.05,23484.95,,12.3,-18.01,0.4,362.54
2026-05-14T10:06:00+05:30,NSE_FO|51366,,,128.87,111.05,23484.95,,12.3,-18.01,0.4,362.54
2026-05-14T10:06:00+05:30,NSE_FO|51347,,,123.09,136.05,23484.95,,12.3,-18.01,0.4,362.54
2026-05-14T10:06:00+05:30,NSE_FO|51348,,,278.59,253.1,23484.1,,12.3,-18.01,0.4,362.54
2026-05-14T10:06:00+05:30,NSE_FO|51376,,,81.39,67.95,23484.1,,12.3,-18.01,0.4,362.54
2026-05-14T10:06:00+05:30,NSE_FO|51325,,,106.91,119.1,23484.1,,12.3,-18.01,0.4,362.54
2026-05-14T10:06:00+05:30,NSE_FO|51364,,,152.38,129.65,23484.1,,12.3,-18.01,0.4,362.54
2026-05-14T10:06:00+05:30,NSE_FO|51365,,,250.54,280.7,23484.1,,12.3,-18.01,0.4,362.54
2026-05-14T10:06:00+05:30,NSE_FO|51317,,,70.62,77.85,23484.1,,12.3,-18.01,0.4,362.54
2026-05-14T10:06:00+05:30,NSE_FO|51380,,,57.04,47.95,23484.2,,12.3,-18.01,0.4,362.54
2026-05-14T10:06:00+05:30,NSE_FO|51378,,,67.95,56.8,23484.2,,12.3,-18.01,0.4,362.54
2026-05-14T10:06:00+05:30,NSE_FO|51323,,,94.71,103.85,23484.2,,12.3,-18.01,0.4,362.54
2026-05-14T10:06:00+05:30,NSE_FO|51309,,,38.97,42.75,23484.0,,12.8,-14.77,-3.01,443.09
2026-05-14T10:06:00+05:30,NSE_FO|51375,,,345.09,381.95,23484.15,,12.8,-14.77,-3.01,443.09
2026-05-14T10:06:00+05:30,NSE_FO|51324,,,345.84,316.2,23483.8,,12.8,-14.77,-3.01,443.09
2026-05-14T10:06:00+05:30,NSE_FO|51346,,,310.3,283.2,23483.8,,12.8,-14.77,-3.01,443.09
2026-05-14T10:06:00+05:30,NSE_FO|51322,,,385.56,351.4,23483.0,,12.8,-14.77,-3.01,443.09
2026-05-14T10:06:00+05:30,NSE_FO|51377,,,378.04,420.2,23483.0,,15.0,-16.02,-1.48,402.62
2026-05-14T10:06:00+05:30,NSE_FO|51383,,,498.3,540.95,23483.6,,15.0,-16.02,-1.48,402.62
2026-05-14T10:06:00+05:30,NSE_FO|51371,,,313.1,347.0,23483.2,,15.0,-16.02,-1.48,402.62
2026-05-14T10:06:00+05:30,NSE_FO|51379,,,418.05,459.45,23482.95,,16.0,-13.05,-2.53,501.48
2026-05-14T10:06:00+05:30,NSE_FO|51310,,,588.19,545.0,23482.95,,16.0,-13.05,-2.53,501.48
2026-05-14T10:06:00+05:30,NSE_FO|51320,,,418.46,386.0,23481.95,,16.0,-13.05,-2.53,501.48
2026-05-14T10:06:00+05:30,NSE_FO|51316,,,461.86,420.85,23478.2,,16.0,-13.05,-2.53,501.45
2026-05-14T10:06:00+05:30,NSE_FO|51314,,,500.43,458.85,23477.4,,16.0,-13.05,-2.53,501.45
2026-05-14T10:06:00+05:30,NSE_FO|51381,,,458.47,507.8,23471.1,,12.8,-14.77,-3.01,442.99
2026-05-14T10:06:00+05:30,NSE_FO|51308,,,632.3,582.0,23470.9,,12.8,-14.77,-3.01,442.96
2026-05-14T10:07:00+05:30,NSE_FO|51325,,,107.21,123.9,23465.8,,12.8,-14.77,-3.01,442.79
2026-05-14T10:07:00+05:30,NSE_FO|51353,,,164.9,183.35,23465.8,,12.8,-14.77,-3.01,442.79
2026-05-14T10:07:00+05:30,NSE_FO|51352,,,242.7,216.55,23465.8,,12.8,-14.77,-3.01,442.79
2026-05-14T10:07:00+05:30,NSE_FO|51315,,,60.69,70.4,23465.8,,12.8,-14.77,-3.01,442.79
2026-05-14T10:07:00+05:30,NSE_FO|51323,,,94.93,108.5,23465.8,,12.8,-14.77,-3.01,442.79
2026-05-14T10:07:00+05:30,NSE_FO|51358,,,174.53,144.4,23465.8,,12.8,-14.77,-3.01,442.79
2026-05-14T10:07:00+05:30,NSE_FO|51359,,,223.26,261.25,23465.8,,12.8,-14.77,-3.01,442.79
2026-05-14T10:07:00+05:30,NSE_FO|51355,,,182.76,207.2,23465.8,,12.8,-14.77,-3.01,442.79
2026-05-14T10:07:00+05:30,NSE_FO|51349,,,141.97,161.55,23465.8,,12.8,-14.77,-3.01,442.79
2026-05-14T10:07:00+05:30,NSE_FO|51378,,,67.81,55.3,23465.8,,12.8,-14.77,-3.01,442.79
2026-05-14T10:07:00+05:30,NSE_FO|51364,,,152.14,125.0,23465.8,,12.8,-14.77,-3.01,442.79
2026-05-14T10:07:00+05:30,NSE_FO|51366,,,128.59,107.25,23465.8,,12.8,-14.77,-3.01,442.79
2026-05-14T10:07:00+05:30,NSE_FO|51356,,,197.83,166.05,23468.75,,12.8,-14.77,-3.01,442.79
2026-05-14T10:07:00+05:30,NSE_FO|51367,,,283.33,323.0,23468.75,,12.8,-14.77,-3.01,442.79
2026-05-14T10:07:00+05:30,NSE_FO|51346,,,309.8,275.0,23468.75,,12.8,-14.77,-3.01,442.79
2026-05-14T10:07:00+05:30,NSE_FO|51348,,,278.05,244.65,23468.75,,12.8,-14.77,-3.01,442.79
2026-05-14T10:07:00+05:30,NSE_FO|51379,,,418.88,470.75,23468.75,,12.8,-14.77,-3.01,442.79
2026-05-14T10:07:00+05:30,NSE_FO|51354,,,219.79,190.65,23468.75,,12.8,-14.77,-3.01,442.79
2026-05-14T10:07:00+05:30,NSE_FO|51321,,,81.35,93.7,23468.75,,12.8,-14.77,-3.01,442.79
2026-05-14T10:07:00+05:30,NSE_FO|51382,,,47.57,39.0,23468.75,,12.8,-14.77,-3.01,442.79
2026-05-14T10:07:00+05:30,NSE_FO|51376,,,81.26,65.7,23468.75,,12.8,-14.77,-3.01,442.79
2026-05-14T10:07:00+05:30,NSE_FO|51317,,,70.82,81.45,23468.75,,12.8,-14.77,-3.01,442.79
2026-05-14T10:07:00+05:30,NSE_FO|51357,,,200.09,232.9,23468.75,,12.8,-14.77,-3.01,442.79
2026-05-14T10:07:00+05:30,NSE_FO|51370,,,109.82,91.6,23468.75,,12.8,-14.77,-3.01,442.79
2026-05-14T10:07:00+05:30,NSE_FO|51320,,,417.9,376.9,23468.75,,12.8,-14.77,-3.01,442.79
2026-05-14T10:07:00+05:30,NSE_FO|51347,,,123.59,141.75,23468.75,,12.8,-14.77,-3.01,442.79
2026-05-14T10:07:00+05:30,NSE_FO|51374,,,93.94,77.75,23468.75,,12.8,-14.77,-3.01,442.79
2026-05-14T10:07:00+05:30,NSE_FO|51311,,,45.39,52.3,23468.75,,12.8,-14.77,-3.01,442.79
2026-05-14T10:07:00+05:30,NSE_FO|51371,,,313.45,358.55,23468.35,,12.8,-14.77,-3.01,442.79
2026-05-14T10:07:00+05:30,NSE_FO|51309,,,39.03,44.7,23468.65,,12.8,-14.77,-3.01,442.79
2026-05-14T10:07:00+05:30,NSE_FO|51365,,,250.9,291.85,23468.65,,12.8,-14.77,-3.01,442.79
2026-05-14T10:07:00+05:30,NSE_FO|51324,,,345.21,307.0,23468.65,,12.8,-14.77,-3.01,442.79
2026-05-14T10:07:00+05:30,NSE_FO|51322,,,385.27,340.95,23468.65,,12.8,-14.77,-3.01,442.79
2026-05-14T10:07:00+05:30,NSE_FO|51375,,,345.69,394.1,23469.05,,12.8,-14.77,-2.51,442.79
2026-05-14T10:07:00+05:30,NSE_FO|51314,,,499.91,453.2,23469.05,,12.8,-14.77,-2.51,442.79
2026-05-14T10:07:00+05:30,NSE_FO|51383,,,498.8,553.15,23469.05,,12.8,-14.77,-2.51,442.79
2026-05-14T10:07:00+05:30,NSE_FO|51380,,,56.94,46.65,23469.05,,12.8,-14.77,-2.51,442.79
2026-05-14T10:07:00+05:30,NSE_FO|51377,,,378.87,429.8,23469.05,,12.8,-14.77,-2.51,442.79
2026-05-14T10:07:00+05:30,NSE_FO|51313,,,52.6,59.85,23469.0,,12.8,-14.77,-2.51,442.79
2026-05-14T10:07:00+05:30,NSE_FO|51381,,,458.88,508.2,23469.75,,12.8,-14.77,-2.51,442.78
2026-05-14T10:07:00+05:30,NSE_FO|51310,,,587.39,537.25,23469.0,,12.8,-14.77,-2.51,442.78
2026-05-14T10:07:00+05:30,NSE_FO|51316,,,460.8,413.55,23467.05,,12.8,-14.77,-2.51,442.78
2026-05-14T10:06:00+05:30,NSE_FO|51312,,,542.74,494.5,23467.0,,12.8,-14.77,-2.51,442.75
